# CAPTURED_AT,2026-06-18T07:40:33.804047+00:00
22.17,22.01,21.75,21.81,21.63,21.77,21.43,21.61,21.72,21.52,21.57,21.79,21.50,21.55,21.63,21.39,21.32,21.59,21.66,21.28,21.50,21.57,21.61,21.41,21.50,21.57,21.55,21.52,21.46,21.50,21.72,21.55,21.55,21.55,21.55,21.41,21.63,21.63,21.52,21.52,21.43,21.41,21.52,21.55,21.48,21.52,21.46,21.37,21.55,21.35,21.32,21.30,21.35,21.37,21.39,21.22,21.22,21.15,21.28,21.22,21.11,21.39,21.08,21.06,21.15,21.06,21.30,21.13,21.22,21.04,21.15,21.15,21.32,21.08,21.28,21.24,21.22,21.26,21.30,21.26,21.37,21.19,21.17,21.19,21.17,21.13,21.06,21.08,21.22,21.24,21.32,21.17,21.30,21.26,21.22,21.24,21.24,21.39,21.41,21.30,21.26,21.30,21.48,21.24,21.24,21.50,21.48,21.46,21.24,21.19,21.28,21.50,21.30,21.24,21.28,21.17,21.15,21.39,21.22,21.28,21.37,21.48,21.37,21.43,21.41,21.17,21.32,21.48,21.37,21.35,21.48,21.32,21.28,21.32,21.32,21.46,21.46,21.26,21.39,21.48,21.37,21.26,21.30,21.24,21.43,21.41,21.41,21.35,21.32,21.26,21.17,21.28,21.39,21.48,21.50,21.28,21.32,21.46,21.46,21.39
22.28,21.88,21.77,21.77,21.79,21.83,21.63,21.70,21.59,21.61,21.81,21.63,21.72,21.50,21.68,21.55,21.59,21.41,21.75,21.57,21.57,21.63,21.57,21.50,21.39,21.46,21.43,21.59,21.52,21.55,21.72,21.63,21.57,21.61,21.55,21.63,21.59,21.66,21.57,21.59,21.61,21.61,21.61,21.46,21.57,21.43,21.35,21.37,21.61,21.63,21.50,21.39,21.28,21.41,21.41,21.41,21.46,21.13,21.28,21.19,21.26,21.28,21.06,21.13,21.17,21.15,21.13,21.26,21.04,21.13,21.15,21.13,21.11,21.13,21.22,21.37,21.41,21.46,21.30,21.32,21.24,21.30,21.22,21.48,21.30,21.17,21.37,21.15,21.22,21.32,21.26,21.17,21.30,21.37,21.35,21.19,21.13,21.41,21.35,21.41,21.37,21.55,21.41,21.35,21.41,21.46,21.32,21.30,21.35,21.26,21.48,21.30,21.37,21.39,21.17,21.24,21.48,21.26,21.46,21.32,21.46,21.46,21.37,21.32,21.22,21.19,21.37,21.30,21.28,21.28,21.30,21.15,21.22,21.26,21.35,21.41,21.24,21.35,21.43,21.35,21.19,21.32,21.39,21.41,21.28,21.17,21.32,21.30,21.28,21.26,21.26,21.35,21.35,21.41,21.39,21.43,21.22,21.46,21.50,21.28
22.01,21.81,21.63,21.75,21.70,21.75,21.68,21.63,21.66,21.61,21.88,21.88,21.77,21.72,21.70,21.61,21.41,21.48,21.79,21.57,21.72,21.77,21.83,21.66,21.55,21.66,21.50,21.70,21.68,21.55,21.70,21.68,21.66,21.70,21.72,21.63,21.72,21.77,21.66,21.63,21.59,21.72,21.66,21.57,21.66,21.57,21.55,21.61,21.63,21.66,21.61,21.59,21.57,21.43,21.70,21.35,21.35,21.30,21.37,21.37,21.46,21.48,21.30,21.11,21.15,21.32,21.17,21.24,21.17,21.30,21.22,21.26,21.11,21.22,21.13,21.28,21.22,21.35,21.39,21.35,21.28,21.30,21.15,21.26,21.28,21.35,21.30,21.13,21.24,21.39,21.39,21.28,21.37,21.41,21.26,21.26,21.30,21.22,21.28,21.30,21.19,21.39,21.46,21.41,21.41,21.32,21.43,21.32,21.46,21.26,21.32,21.48,21.46,21.30,21.46,21.41,21.43,21.32,21.52,21.57,21.48,21.39,21.32,21.30,21.32,21.17,21.19,21.30,21.43,21.32,21.35,21.37,21.32,21.37,21.41,21.28,21.39,21.30,21.15,21.50,21.43,21.48,21.28,21.24,21.43,21.43,21.24,21.24,21.22,21.46,21.35,21.28,21.41,21.50,21.37,21.50,21.41,21.35,21.59,21.41
22.23,21.55,21.72,21.68,21.75,21.57,21.70,21.63,21.61,21.48,21.72,21.63,21.61,21.26,21.57,21.50,21.68,21.46,21.46,21.41,21.52,21.52,21.55,21.48,21.48,21.66,21.50,21.50,21.55,21.59,21.75,21.61,21.68,21.70,21.79,21.61,21.68,21.83,21.57,21.63,21.55,21.57,21.61,21.41,21.59,21.83,21.59,21.55,21.61,21.59,21.52,21.52,21.55,21.50,21.57,21.52,21.46,21.52,21.43,21.50,21.39,21.50,21.24,21.30,21.17,21.43,21.32,21.06,21.28,21.24,21.28,21.26,21.24,20.95,21.22,21.24,21.28,21.17,21.32,21.35,21.19,21.28,21.06,21.24,21.19,21.11,21.17,21.26,21.30,21.28,21.22,21.17,21.26,21.32,21.17,21.17,21.17,21.17,21.22,21.30,21.37,21.32,21.35,21.35,21.26,21.37,21.28,21.28,21.30,21.24,21.19,21.28,21.26,21.19,21.24,21.24,21.30,21.32,21.41,21.35,21.32,21.39,21.32,21.37,21.32,21.24,21.28,21.19,21.32,21.37,21.30,21.19,21.19,21.32,21.24,21.22,21.32,21.30,21.35,21.43,21.30,21.24,21.22,21.30,21.63,21.26,21.35,21.30,21.39,21.39,21.17,21.39,21.30,21.26,21.35,21.32,21.24,21.32,21.55,21.35
22.06,21.75,21.77,21.81,21.59,21.81,21.72,21.70,21.55,21.57,21.52,21.75,21.55,21.55,21.68,21.66,21.59,21.66,21.75,21.57,21.57,21.66,21.52,21.52,21.48,21.57,21.63,21.72,21.75,21.63,21.81,21.83,21.75,21.77,21.92,21.86,21.86,21.83,21.70,21.61,21.59,21.86,21.59,21.66,21.59,21.70,21.77,21.55,21.61,21.66,21.63,21.55,21.52,21.59,21.59,21.57,21.66,21.57,21.46,21.52,21.52,21.43,21.48,21.41,21.41,21.63,21.35,21.39,21.50,21.19,21.30,21.26,21.19,21.17,21.24,21.35,21.35,21.26,21.28,21.32,21.32,21.22,21.19,21.24,21.28,21.28,21.13,21.13,21.28,21.28,21.30,21.37,21.26,21.32,21.30,21.08,21.22,21.24,21.28,21.26,21.17,21.43,21.37,21.41,21.43,21.41,21.32,21.46,21.35,21.19,21.30,21.30,21.24,21.15,21.22,21.37,21.43,21.22,21.22,21.35,21.37,21.26,21.39,21.39,21.32,21.24,21.35,21.39,21.30,21.37,21.41,21.41,21.35,21.43,21.15,21.30,21.30,21.30,21.32,21.39,21.37,21.41,21.46,21.37,21.57,21.41,21.28,21.28,21.26,21.28,21.28,21.30,21.24,21.32,21.46,21.50,21.26,21.55,21.32,21.35
22.19,21.66,21.72,21.70,21.50,21.48,21.72,21.57,21.61,21.50,21.79,21.79,21.63,21.48,21.66,21.57,21.66,21.57,21.75,21.68,21.48,21.55,21.43,21.48,21.48,21.70,21.72,21.46,21.66,21.86,21.70,21.83,21.66,21.59,21.79,21.72,21.79,21.68,21.75,21.63,21.70,21.75,21.70,21.68,21.63,21.63,21.66,21.66,21.66,21.59,21.70,21.55,21.41,21.55,21.48,21.52,21.46,21.50,21.43,21.52,21.46,21.39,21.41,21.59,21.28,21.41,21.30,21.30,21.35,21.32,21.26,21.19,21.32,21.30,21.30,21.17,21.41,21.22,21.19,21.30,21.13,21.17,21.24,21.15,21.04,21.19,21.19,21.17,21.17,21.19,21.22,21.22,21.26,21.26,21.08,21.15,21.19,21.19,21.30,21.17,21.17,21.28,21.19,21.37,21.28,21.30,21.32,21.32,21.17,21.35,21.26,21.30,21.28,21.15,21.19,21.30,21.11,21.32,21.30,21.22,21.32,21.15,21.32,21.30,21.17,21.35,21.19,21.24,21.32,21.28,21.37,21.24,21.37,21.24,21.30,21.22,21.26,21.26,21.30,21.41,21.22,21.30,21.13,21.28,21.30,21.06,21.26,21.15,21.11,21.30,21.22,21.26,21.28,21.35,21.30,21.19,21.37,21.37,21.24,21.28
22.17,21.52,21.77,21.61,21.61,21.59,21.66,21.83,21.77,21.41,21.63,21.79,21.70,21.55,21.59,21.77,21.66,21.66,21.70,21.70,21.59,21.59,21.66,21.70,21.57,21.72,21.77,21.52,21.72,21.79,21.72,21.55,21.59,21.79,21.79,21.88,21.66,21.72,21.75,21.83,21.94,21.88,21.68,21.88,21.81,21.90,21.77,21.68,21.75,21.63,21.61,21.61,21.70,21.57,21.63,21.50,21.46,21.59,21.52,21.50,21.43,21.57,21.39,21.50,21.39,21.41,21.35,21.48,21.30,21.55,21.39,21.41,21.30,21.39,21.17,21.39,21.28,21.26,21.13,21.32,21.17,21.22,21.11,21.24,21.17,21.32,21.19,21.06,21.11,21.17,21.28,21.22,21.22,21.35,21.24,21.11,21.15,21.13,21.11,21.28,21.19,21.46,21.15,21.26,21.37,21.41,21.30,21.32,21.24,21.19,21.19,21.30,21.35,21.15,21.28,21.32,21.28,21.22,21.24,21.24,21.32,21.26,21.26,21.24,21.32,21.02,21.39,21.22,21.32,21.37,21.43,21.24,21.30,21.32,21.17,21.19,21.43,21.28,21.30,21.35,21.32,21.13,21.22,21.06,21.24,21.35,21.26,21.24,21.35,21.19,21.24,21.19,21.19,21.15,21.30,21.30,21.26,21.39,21.46,21.30
22.41,21.66,21.68,21.61,21.83,21.68,21.46,21.61,21.63,21.61,21.57,21.79,21.66,21.66,21.59,21.61,21.61,21.63,21.57,21.39,21.52,21.46,21.61,21.59,21.57,21.63,21.66,21.61,21.70,21.70,22.10,21.92,21.81,21.81,21.70,21.75,21.75,21.88,21.79,21.97,21.88,21.88,21.92,21.79,21.61,21.77,21.79,21.63,21.48,21.66,21.59,21.59,21.61,21.63,21.59,21.55,21.57,21.39,21.24,21.50,21.50,21.39,21.43,21.37,21.30,21.37,21.55,21.37,21.37,21.43,21.32,21.43,21.50,21.24,21.43,21.37,21.35,21.37,21.13,21.26,21.22,21.39,21.02,21.13,21.19,21.06,21.26,21.15,21.04,21.26,21.19,21.08,21.24,21.37,21.22,21.08,21.13,21.24,21.13,21.24,21.26,21.28,21.26,21.13,21.35,21.32,21.35,21.30,21.24,21.15,21.30,21.19,21.26,21.19,21.28,21.22,21.22,21.26,21.17,21.17,21.39,21.30,21.15,21.35,21.32,21.30,21.15,21.28,21.15,21.35,21.28,21.22,21.17,21.22,21.32,21.24,21.22,21.26,21.26,21.26,21.19,21.17,21.13,21.17,21.26,21.17,21.32,21.22,21.32,21.28,21.22,21.24,21.32,21.17,21.28,21.24,21.35,21.39,21.26,21.22
22.30,21.55,21.86,21.68,21.50,21.66,21.68,21.48,21.41,21.63,21.61,21.77,21.46,21.70,21.61,21.46,21.59,21.61,21.75,21.57,21.68,21.59,21.59,21.66,21.68,21.75,21.66,21.70,21.79,21.81,21.79,21.77,21.75,22.06,21.72,22.01,21.83,21.97,21.79,21.92,21.83,21.77,21.77,21.88,21.66,21.83,21.61,21.63,21.61,21.63,21.57,21.66,21.68,21.61,21.57,21.37,21.43,21.41,21.57,21.35,21.43,21.43,21.22,21.39,21.19,21.43,21.17,21.39,21.52,21.37,21.19,21.37,21.35,21.32,21.30,21.35,21.35,21.13,21.19,21.22,21.19,21.28,21.19,21.17,21.17,21.28,21.30,21.22,21.17,21.22,21.17,21.19,21.19,21.13,21.30,21.22,21.19,21.22,21.15,21.19,21.35,21.22,21.15,21.15,21.28,21.22,21.48,21.19,21.28,21.22,21.19,21.32,21.15,21.26,21.00,21.26,21.26,21.17,21.28,21.13,21.17,21.28,21.22,21.15,21.15,21.11,21.22,21.28,21.28,21.24,21.17,21.22,21.15,21.08,21.17,21.19,21.22,21.22,21.24,21.15,21.24,21.22,21.17,21.11,21.13,21.11,21.11,21.22,21.37,21.11,21.15,21.24,21.13,21.13,21.22,21.19,21.17,21.35,21.30,21.28
22.49,21.94,21.70,21.63,21.77,21.52,21.79,21.59,21.61,21.66,21.63,21.55,21.55,21.57,21.68,21.70,21.83,21.63,21.68,21.61,21.59,21.77,21.79,21.61,21.68,21.57,21.59,21.77,21.63,21.66,21.66,21.61,21.81,21.81,21.77,21.77,21.86,21.92,21.83,22.03,21.90,21.81,21.83,21.86,21.88,21.81,21.79,21.59,21.68,21.61,21.68,21.70,21.52,21.57,21.52,21.43,21.50,21.46,21.39,21.43,21.41,21.39,21.46,21.28,21.19,21.28,21.28,21.37,21.15,21.24,21.30,21.26,21.37,21.41,21.50,21.39,21.22,21.17,21.22,21.08,21.43,21.22,21.24,21.28,21.26,21.17,21.28,21.08,21.19,21.32,21.11,21.35,21.19,21.19,21.04,21.11,21.19,21.22,21.08,21.19,21.22,21.24,21.35,21.22,21.26,21.30,21.39,21.22,21.32,21.02,21.35,21.26,21.26,21.15,21.04,21.13,21.22,21.13,21.11,21.15,21.13,21.22,21.41,21.32,21.15,21.11,21.08,21.28,21.17,21.19,21.22,21.11,21.11,21.06,21.15,21.22,21.08,21.13,21.19,21.24,21.13,21.17,21.08,21.19,21.24,21.19,21.35,21.15,21.24,21.06,21.08,21.06,21.28,21.43,21.13,21.32,21.22,21.24,21.24,21.24
22.12,21.63,21.61,21.68,21.55,21.68,21.57,21.72,21.79,21.57,21.61,21.48,21.75,21.57,21.66,21.75,21.63,21.57,21.61,21.57,21.68,21.63,21.50,21.70,21.63,21.72,21.66,21.61,21.83,21.79,21.72,21.75,21.81,21.83,21.77,21.86,21.92,21.94,21.97,21.83,21.88,22.08,21.86,21.81,21.72,21.81,21.90,21.75,21.88,21.68,21.59,21.77,21.63,21.59,21.61,21.52,21.48,21.32,21.39,21.32,21.50,21.24,21.52,21.39,21.35,21.28,21.39,21.32,21.26,21.37,21.30,21.30,21.32,21.39,21.43,21.26,21.19,21.06,21.11,21.22,21.32,21.24,21.19,21.22,21.11,21.24,21.30,21.17,21.32,21.13,21.28,21.11,21.22,21.32,21.24,21.22,21.15,21.06,21.30,21.08,21.15,21.11,21.28,21.22,21.22,21.17,21.17,21.28,21.28,21.32,21.30,21.37,21.30,21.37,21.19,21.37,21.19,21.24,21.17,21.32,21.22,21.19,21.26,21.28,21.32,21.15,21.11,21.26,21.17,21.15,21.13,21.26,21.15,21.26,21.22,21.17,21.13,21.13,21.22,21.32,21.13,21.26,21.24,21.08,21.30,21.15,21.24,21.24,21.06,21.13,21.26,21.28,21.19,21.24,21.37,21.19,21.08,21.30,21.22,21.30
22.10,21.72,21.90,21.61,21.48,21.66,21.68,21.66,21.72,21.57,21.52,21.68,21.61,21.61,21.52,21.48,21.57,21.57,21.61,21.61,21.57,21.63,21.61,21.70,21.77,21.83,21.57,21.77,21.83,21.68,21.83,21.79,21.83,21.86,21.92,21.99,21.99,22.12,21.86,21.99,21.92,21.92,21.88,21.92,21.72,21.92,21.81,21.70,21.72,21.72,21.66,21.75,21.68,21.72,21.57,21.37,21.46,21.46,21.37,21.48,21.46,21.46,21.35,21.55,21.35,21.35,21.35,21.13,21.24,21.30,21.30,21.41,21.35,21.39,21.59,21.37,21.22,21.15,21.15,21.04,21.22,20.95,21.22,21.22,21.17,21.17,21.28,21.04,21.13,21.19,21.17,21.26,21.22,21.19,21.30,21.08,21.17,21.19,21.26,21.17,21.15,21.17,21.22,21.35,21.15,21.22,21.37,21.26,21.30,21.22,21.17,21.15,21.32,21.26,21.11,20.97,21.11,21.11,21.26,21.13,21.11,21.19,21.17,21.28,21.32,21.22,21.17,21.28,21.22,21.26,21.19,21.24,21.13,21.32,21.30,21.11,21.26,21.04,21.15,21.00,21.17,21.15,21.15,21.15,21.41,21.08,21.26,21.06,21.24,21.22,21.08,21.17,21.17,21.35,21.13,21.24,21.22,21.43,21.26,21.17
21.99,21.66,21.61,21.70,21.52,21.50,21.32,21.32,21.48,21.46,21.39,21.55,21.46,21.37,21.61,21.48,21.50,21.52,21.52,21.48,21.41,21.55,21.72,21.46,21.66,21.79,21.66,21.59,21.61,21.77,21.68,21.83,21.90,21.79,21.75,21.92,21.75,21.88,21.88,21.70,21.81,21.83,21.79,21.81,21.66,21.68,21.79,21.70,21.70,21.66,21.68,21.61,21.50,21.70,21.48,21.52,21.48,21.24,21.35,21.43,21.22,21.35,21.39,21.26,21.22,21.26,21.28,21.22,21.15,21.37,21.30,21.35,21.39,21.41,21.28,21.26,20.97,21.17,21.11,21.22,21.19,21.11,21.06,21.15,21.06,21.13,21.19,20.95,21.08,21.13,21.17,21.06,21.19,21.19,21.08,21.30,21.08,21.28,21.06,21.22,21.19,21.24,21.22,21.26,21.22,21.26,21.30,21.04,21.28,21.11,21.13,21.15,21.26,21.02,21.00,20.91,21.04,21.08,21.15,21.11,21.08,21.08,21.00,21.06,21.22,21.15,20.89,21.13,21.11,21.04,21.08,21.15,20.97,21.02,21.06,20.95,21.04,21.11,21.13,21.02,21.11,21.08,21.17,21.13,21.15,21.08,21.22,20.95,20.91,20.95,21.02,21.02,21.06,21.15,21.17,21.22,21.15,21.17,21.08,21.19
22.06,21.70,21.77,21.61,21.66,21.70,21.63,21.68,21.63,21.46,21.68,21.59,21.63,21.57,21.61,21.66,21.66,21.55,21.66,21.50,21.59,21.66,21.66,21.75,21.57,21.61,21.79,21.77,21.68,21.97,22.06,21.70,21.79,21.90,21.88,22.03,21.90,22.01,21.92,21.88,21.83,21.99,21.81,21.83,21.88,21.94,21.75,21.72,21.72,21.68,21.77,21.52,21.66,21.63,21.48,21.57,21.32,21.46,21.57,21.50,21.37,21.35,21.30,21.48,21.37,21.11,21.19,21.19,21.13,21.22,21.37,21.41,21.39,21.41,21.28,21.24,21.04,20.97,21.17,21.00,21.26,21.13,20.95,21.15,21.22,21.00,21.04,21.22,21.13,21.24,21.17,21.08,21.17,21.11,21.24,21.24,21.13,21.19,21.24,21.26,21.41,21.22,21.24,21.41,21.30,21.17,21.46,21.26,21.32,21.19,21.13,21.08,21.15,21.35,21.02,20.93,21.15,21.02,21.17,21.19,21.17,21.11,21.15,21.19,21.15,21.06,21.00,21.08,21.15,21.19,21.08,21.08,21.17,20.97,21.24,21.13,21.17,21.15,21.02,21.00,21.06,21.17,21.00,21.04,21.17,21.19,21.08,21.22,21.24,21.06,21.24,21.15,21.17,21.22,21.17,21.19,21.17,21.19,21.00,21.13
22.12,21.77,21.72,21.61,21.43,21.59,21.48,21.55,21.50,21.63,21.59,21.61,21.61,21.61,21.46,21.50,21.66,21.70,21.72,21.43,21.61,21.63,21.61,21.72,21.57,21.63,21.75,21.75,21.81,21.94,21.90,21.75,21.88,21.81,21.92,21.88,22.03,22.01,21.94,21.97,21.83,22.01,21.92,21.86,21.77,21.90,21.83,21.90,21.86,21.63,21.63,21.59,21.52,21.57,21.59,21.46,21.43,21.52,21.35,21.37,21.39,21.32,21.24,21.26,21.15,21.30,21.19,21.24,21.19,21.32,21.48,21.35,21.41,21.24,21.17,21.17,21.11,21.04,21.13,21.04,21.22,21.15,21.08,21.17,21.15,21.04,20.97,21.13,20.97,21.17,21.02,21.17,21.06,21.11,21.15,21.04,21.04,21.19,21.24,21.22,21.26,21.28,21.22,21.19,21.22,21.30,21.28,21.15,21.22,21.08,21.04,21.04,21.13,21.11,21.11,21.13,21.22,21.06,21.24,21.11,21.02,21.24,21.08,21.13,21.15,20.97,21.06,21.17,21.19,21.22,21.24,21.00,21.17,21.04,21.04,21.02,21.11,20.93,21.11,21.08,21.06,21.19,21.08,21.22,21.19,21.11,21.06,21.08,21.22,21.04,21.11,21.08,21.19,21.04,21.22,21.08,21.04,21.06,21.13,21.17
22.03,21.68,21.48,21.63,21.55,21.70,21.50,21.55,21.46,21.66,21.50,21.66,21.50,21.55,21.66,21.59,21.55,21.57,21.81,21.70,21.70,21.57,21.77,21.77,21.66,21.66,21.75,21.90,21.77,21.81,21.83,21.99,21.92,22.12,21.97,22.19,22.06,21.92,21.99,22.01,21.86,21.92,21.79,21.86,21.92,21.90,21.70,21.75,21.83,21.61,21.79,21.61,21.57,21.50,21.66,21.37,21.46,21.35,21.26,21.39,21.46,21.32,21.39,21.30,21.30,21.35,21.22,21.35,21.30,21.48,21.43,21.46,21.32,21.19,21.32,21.19,21.02,21.22,21.06,21.15,21.04,21.28,20.97,20.97,21.13,21.15,21.02,20.97,21.02,21.13,21.15,21.17,21.06,21.13,21.08,21.04,21.11,21.15,21.28,21.06,21.06,21.28,21.22,21.30,21.19,21.13,21.26,21.15,21.28,21.26,21.22,21.13,21.24,21.15,21.15,21.11,21.08,21.11,21.11,21.02,21.04,21.17,21.15,21.22,21.26,21.26,21.19,21.11,21.11,21.11,21.30,21.15,20.97,21.11,21.28,21.22,21.17,21.04,21.15,21.13,21.19,21.13,21.02,21.11,21.30,21.04,20.97,20.97,21.15,21.04,21.11,21.11,21.26,21.11,21.19,21.17,21.17,21.32,21.28,21.13
22.17,21.55,21.59,21.66,21.63,21.61,21.55,21.46,21.43,21.52,21.61,21.57,21.52,21.61,21.63,21.57,21.46,21.63,21.70,21.55,21.57,21.63,21.61,21.70,21.61,21.92,21.77,21.81,21.72,21.88,21.81,21.86,21.83,21.88,21.92,22.03,22.01,21.97,21.97,21.86,22.06,21.99,21.86,21.88,21.81,21.88,21.88,21.66,21.70,21.68,21.52,21.70,21.52,21.39,21.57,21.55,21.48,21.52,21.35,21.41,21.37,21.41,21.43,21.35,21.26,21.26,21.35,21.35,21.30,21.26,21.48,21.39,21.35,21.26,21.11,21.13,21.00,21.04,21.06,21.13,20.95,21.17,21.19,21.02,21.06,21.08,21.11,21.26,21.08,21.19,21.19,21.15,21.11,21.02,21.04,20.97,21.13,21.04,21.19,21.04,21.02,21.26,21.22,21.32,21.17,21.24,21.22,21.24,21.19,21.32,21.39,21.19,21.11,21.19,21.17,20.93,21.11,21.02,21.11,21.15,20.95,21.08,21.00,21.17,21.00,21.08,21.22,21.00,21.19,20.97,21.11,21.00,20.95,21.06,21.13,21.28,21.08,21.11,21.04,20.97,20.91,21.08,20.97,21.00,21.13,21.06,21.13,20.97,20.93,21.11,20.95,21.11,21.11,21.19,21.06,21.02,21.19,21.08,21.08,21.13
22.12,21.55,21.55,21.68,21.59,21.43,21.57,21.68,21.61,21.63,21.59,21.66,21.61,21.63,21.52,21.61,21.66,21.57,21.63,21.61,21.68,21.63,21.52,21.75,21.77,21.63,21.83,21.79,21.90,21.83,21.92,21.88,21.81,22.06,21.94,22.03,22.08,22.01,21.90,21.92,21.83,21.86,21.88,21.86,21.90,21.75,21.83,21.68,21.77,21.59,21.52,21.55,21.57,21.57,21.70,21.57,21.41,21.39,21.57,21.37,21.32,21.24,21.28,21.28,21.37,21.19,21.30,21.24,21.41,21.46,21.55,21.46,21.35,21.28,21.28,21.11,21.08,21.13,21.02,21.08,21.17,21.06,21.08,21.13,21.13,21.13,21.08,21.11,21.08,21.19,21.11,21.19,21.11,21.08,21.06,21.17,20.97,21.06,21.22,20.97,21.13,21.22,21.22,21.02,21.17,21.13,21.28,21.24,21.08,21.22,21.17,21.15,21.28,21.24,21.06,21.15,21.19,21.15,21.17,21.13,21.04,21.04,21.22,21.06,21.00,21.11,21.04,21.02,21.19,21.17,21.02,21.26,21.15,20.97,21.15,21.28,21.11,20.97,21.11,20.95,21.06,21.24,21.11,20.91,21.11,21.08,21.17,21.08,21.02,21.08,21.11,21.17,21.26,21.19,21.08,21.15,21.17,21.17,21.19,21.17
21.90,21.57,21.79,21.55,21.66,21.63,21.52,21.55,21.72,21.52,21.66,21.68,21.70,21.61,21.57,21.59,21.59,21.55,21.66,21.52,21.59,21.59,21.57,21.81,21.61,21.81,21.79,21.86,21.90,21.88,21.86,21.79,21.79,21.90,21.92,21.97,21.94,22.06,21.94,21.86,21.88,21.90,21.83,21.81,21.83,21.90,21.68,21.75,21.70,21.68,21.68,21.70,21.57,21.43,21.50,21.43,21.35,21.37,21.50,21.37,21.41,21.50,21.41,21.35,21.32,21.32,21.35,21.30,21.50,21.48,21.37,21.37,21.39,21.22,21.28,21.11,21.17,20.95,21.15,21.11,21.15,21.06,20.91,21.11,21.08,21.11,21.22,21.15,21.11,21.08,21.19,21.11,21.22,21.11,21.04,21.13,21.19,21.17,21.17,21.04,21.15,21.22,21.30,21.30,21.15,21.15,21.13,21.19,21.06,21.19,21.26,21.26,21.35,21.24,21.13,20.95,21.13,21.06,21.15,21.13,21.11,21.06,21.02,21.02,21.00,20.97,21.17,21.00,21.17,21.06,21.08,21.00,21.08,21.06,21.11,21.04,21.11,21.04,21.06,21.08,21.08,21.04,21.11,20.97,20.97,21.00,21.19,21.08,21.06,20.95,21.04,21.15,21.11,21.06,21.22,21.19,21.11,21.26,21.11,21.32
21.97,21.59,21.81,21.75,21.81,21.61,21.48,21.70,21.61,21.48,21.57,21.79,21.50,21.46,21.72,21.50,21.66,21.55,21.70,21.66,21.52,21.70,21.63,21.68,21.72,21.83,21.72,21.68,21.94,21.66,21.99,21.75,21.86,21.70,21.81,22.01,21.86,21.90,21.86,21.90,21.70,21.75,21.75,21.88,21.77,21.70,21.83,21.63,21.59,21.63,21.72,21.63,21.57,21.63,21.57,21.46,21.41,21.35,21.39,21.39,21.32,21.35,21.28,21.17,21.46,21.50,21.28,21.35,21.50,21.41,21.48,21.41,21.39,21.11,21.17,21.22,21.22,21.15,21.11,21.00,21.08,21.19,21.02,21.17,21.04,21.11,21.06,21.11,21.04,21.11,21.00,21.22,21.22,21.11,21.04,21.00,21.19,21.02,21.00,21.06,21.13,21.26,21.24,21.17,21.11,21.00,21.19,21.11,21.35,21.06,21.22,21.08,21.15,21.13,21.24,21.11,21.19,21.04,21.06,21.15,21.19,21.08,21.08,21.08,21.11,21.13,21.00,21.02,21.08,21.24,21.06,21.06,21.11,21.15,21.24,21.11,21.06,21.00,21.00,21.19,21.15,21.15,20.95,21.02,21.04,21.17,21.17,21.00,21.15,21.06,21.08,21.22,21.08,21.22,21.13,21.24,21.17,21.06,21.17,21.06
21.94,21.70,21.70,21.55,21.59,21.70,21.61,21.30,21.63,21.46,21.68,21.63,21.48,21.46,21.61,21.52,21.55,21.48,21.68,21.57,21.75,21.52,21.66,21.57,21.68,21.72,21.79,21.75,21.68,21.77,21.75,21.68,21.83,21.92,21.77,21.92,21.83,21.88,21.86,21.86,21.88,21.88,21.86,21.70,21.68,21.77,21.94,21.61,21.72,21.52,21.70,21.55,21.50,21.61,21.57,21.48,21.37,21.43,21.43,21.57,21.32,21.28,21.37,21.37,21.22,21.26,21.43,21.24,21.28,21.52,21.48,21.37,21.37,21.13,21.19,21.02,21.04,21.13,21.26,21.04,21.13,21.13,21.15,21.15,21.04,21.19,21.02,21.22,21.08,21.06,21.17,21.32,21.15,21.00,21.02,20.95,21.19,21.08,21.24,21.11,21.02,21.02,21.28,21.17,21.06,21.11,21.11,21.15,20.97,21.11,21.24,21.06,21.17,21.04,21.06,21.24,21.08,21.04,21.17,21.11,21.08,21.11,21.06,21.04,21.13,21.06,21.02,21.04,21.13,21.06,21.13,21.04,21.02,21.15,21.13,21.11,21.11,20.97,20.95,21.11,20.95,21.15,21.19,20.93,21.00,20.93,21.08,21.04,20.95,20.87,21.06,21.17,20.89,21.02,20.97,21.06,21.19,21.24,21.06,21.24
21.99,21.57,21.79,21.72,21.63,21.63,21.57,21.41,21.50,21.72,21.70,21.86,21.57,21.37,21.50,21.66,21.57,21.59,21.75,21.68,21.66,21.61,21.70,21.90,21.59,21.68,21.70,21.83,21.77,21.83,21.70,21.72,21.72,21.92,21.72,21.90,21.79,21.94,21.77,21.83,21.86,21.90,21.66,21.79,21.68,21.70,21.72,21.68,21.77,21.66,21.52,21.68,21.66,21.59,21.52,21.39,21.46,21.57,21.39,21.46,21.46,21.41,21.39,21.37,21.30,21.24,21.19,21.37,21.43,21.41,21.50,21.48,21.26,21.22,21.00,21.26,21.08,20.95,21.17,21.17,21.17,21.11,21.11,21.17,20.93,21.06,21.19,21.13,21.15,21.02,21.22,21.17,21.11,21.17,21.11,21.08,21.15,21.06,21.17,21.11,21.17,21.13,21.17,21.06,21.19,21.24,21.19,21.17,21.15,21.24,21.08,21.17,21.15,21.11,21.08,21.06,21.17,21.02,21.04,21.13,21.19,21.04,21.11,21.15,21.13,21.11,21.06,21.06,21.02,21.04,21.08,21.13,21.15,21.26,21.08,21.06,21.08,20.89,21.04,21.19,20.97,20.91,21.11,21.06,21.00,21.08,21.22,21.22,21.19,21.04,21.15,21.15,21.08,21.11,21.08,21.15,21.11,21.17,21.13,21.22
21.90,21.77,21.79,21.61,21.48,21.52,21.52,21.50,21.50,21.61,21.59,21.75,21.70,21.46,21.50,21.57,21.57,21.61,21.75,21.63,21.63,21.50,21.66,21.59,21.66,21.59,21.52,21.70,21.79,21.83,21.92,21.79,21.92,21.97,22.01,21.94,21.94,21.88,21.81,21.88,21.81,21.75,21.72,21.57,21.63,21.77,21.72,21.55,21.59,21.59,21.63,21.63,21.52,21.48,21.48,21.50,21.41,21.39,21.30,21.37,21.41,21.35,21.30,21.41,21.30,21.30,21.26,21.37,21.46,21.52,21.50,21.35,21.24,21.22,21.28,21.22,21.11,21.06,21.08,21.17,21.22,21.08,21.02,21.17,21.02,21.04,21.26,21.02,20.95,21.11,21.17,21.17,21.08,21.17,21.17,21.13,21.04,21.11,21.08,21.06,21.08,21.24,21.17,21.22,21.17,21.15,21.15,21.08,21.00,21.17,21.04,21.04,21.06,21.04,21.19,21.11,21.13,21.02,21.13,21.13,21.08,21.24,21.04,21.19,21.13,21.11,21.08,21.22,21.22,21.22,21.06,21.08,20.93,21.13,21.11,21.04,21.17,20.93,20.95,21.15,20.93,21.02,20.95,21.08,21.08,21.04,21.11,21.02,21.17,21.08,21.15,21.04,21.19,20.89,21.00,21.11,21.06,21.08,21.13,21.24
21.90,21.68,21.72,21.61,21.63,21.81,21.52,21.59,21.63,21.50,21.55,21.52,21.66,21.46,21.46,21.52,21.39,21.50,21.66,21.57,21.61,21.52,21.63,21.66,21.59,21.75,21.61,21.66,21.94,21.57,21.83,21.70,21.92,21.79,21.70,21.75,21.79,21.81,21.86,21.86,21.77,21.83,21.72,21.75,21.61,21.72,21.66,21.81,21.59,21.52,21.57,21.37,21.52,21.37,21.50,21.52,21.19,21.35,21.43,21.39,21.37,21.28,21.26,21.30,21.32,21.39,21.30,21.43,21.57,21.52,21.43,21.28,21.26,21.02,21.19,21.26,21.04,20.97,21.13,21.13,21.11,20.95,20.95,21.08,21.08,21.17,21.02,21.13,20.91,21.04,21.08,21.08,21.08,21.08,21.15,21.28,21.15,21.11,21.15,21.04,21.00,21.19,20.97,21.13,21.08,21.19,21.17,20.97,21.13,20.97,21.11,21.04,21.15,21.08,21.28,21.11,21.11,21.02,21.15,21.08,21.00,21.15,21.08,21.04,21.08,21.19,21.08,21.04,21.19,21.13,21.17,21.06,21.06,21.08,21.02,21.08,21.15,21.06,21.04,21.22,21.00,21.00,21.08,21.02,21.15,21.08,21.15,21.19,20.97,21.00,21.06,21.19,21.19,21.08,21.17,21.15,21.24,21.15,21.19,21.11
21.99,21.57,21.63,21.70,21.59,21.43,21.41,21.52,21.46,21.52,21.50,21.41,21.55,21.46,21.41,21.46,21.37,21.59,21.50,21.41,21.48,21.46,21.70,21.66,21.63,21.63,21.61,21.66,21.66,21.66,21.70,21.52,21.72,21.83,21.57,21.83,21.77,21.77,21.66,21.66,21.70,21.61,21.63,21.52,21.66,21.68,21.75,21.57,21.50,21.46,21.37,21.57,21.50,21.35,21.30,21.46,21.37,21.32,21.28,21.32,21.19,21.39,21.35,21.22,21.32,21.15,21.24,21.26,21.37,21.35,21.19,21.17,21.13,21.04,21.06,21.11,21.02,21.06,21.00,20.95,21.06,21.02,21.00,21.13,20.91,21.17,21.02,20.97,20.95,21.06,21.11,21.04,21.06,21.04,20.95,21.00,21.06,21.02,21.06,21.08,20.97,21.17,21.15,21.11,21.17,21.06,21.04,21.11,21.13,21.15,21.06,21.04,20.95,21.06,21.11,21.19,21.08,21.11,21.08,21.11,21.17,21.04,21.22,21.06,20.95,21.06,21.02,21.00,21.00,21.15,21.06,21.02,20.95,21.06,21.00,21.06,21.08,21.08,21.22,21.04,20.97,21.04,20.95,20.91,21.06,21.06,21.04,20.97,20.95,20.95,21.00,21.08,21.11,21.02,21.15,21.11,21.06,21.08,21.02,21.06
21.97,21.61,21.55,21.57,21.63,21.59,21.48,21.48,21.46,21.39,21.50,21.48,21.41,21.39,21.43,21.48,21.52,21.41,21.59,21.57,21.72,21.55,21.59,21.59,21.57,21.57,21.70,21.66,21.59,21.77,21.77,21.77,21.59,21.81,21.75,21.77,21.72,21.66,21.63,21.55,21.57,21.66,21.75,21.68,21.55,21.75,21.50,21.48,21.57,21.39,21.57,21.57,21.39,21.41,21.43,21.39,21.32,21.39,21.26,21.19,21.24,21.30,21.39,21.41,21.15,21.35,21.35,21.48,21.37,21.46,21.26,21.08,21.19,21.15,21.08,21.11,21.08,21.15,21.06,21.00,21.11,21.06,21.00,21.04,20.91,21.06,21.13,20.95,21.15,21.08,21.11,20.97,21.08,21.02,21.15,21.13,21.13,21.17,21.04,21.04,21.15,21.15,21.13,21.17,21.13,21.13,21.13,21.15,21.06,21.17,21.22,21.24,21.17,21.08,21.00,21.06,21.15,21.02,21.17,21.08,21.11,21.11,21.00,21.15,21.11,21.00,21.00,20.95,20.97,21.11,21.02,21.17,20.82,20.95,21.04,21.17,21.00,21.13,21.02,21.19,20.97,20.97,20.91,21.15,21.22,21.04,21.24,21.02,21.00,20.89,21.06,21.08,21.11,21.04,21.06,21.11,21.02,21.11,21.06,21.02
22.03,21.48,21.55,21.48,21.68,21.55,21.52,21.50,21.63,21.55,21.43,21.57,21.50,21.52,21.55,21.50,21.52,21.72,21.59,21.46,21.59,21.50,21.59,21.68,21.66,21.68,21.68,21.70,21.57,21.75,21.70,21.61,21.63,21.66,21.90,21.75,21.57,21.66,21.68,21.55,21.68,21.75,21.59,21.79,21.55,21.59,21.48,21.63,21.55,21.50,21.43,21.48,21.50,21.43,21.43,21.41,21.28,21.30,21.46,21.37,21.19,21.43,21.17,21.37,21.28,21.26,21.37,21.41,21.35,21.32,21.19,21.02,21.11,21.02,21.13,21.08,21.06,21.08,21.15,21.15,21.19,21.04,20.93,20.93,21.11,21.02,21.02,21.02,21.00,21.02,21.04,21.13,21.08,21.06,21.08,21.15,20.97,21.08,21.22,21.15,21.24,21.17,21.06,21.22,21.06,21.17,21.19,21.19,21.22,21.15,21.13,21.19,21.02,21.02,21.06,20.89,21.02,21.06,21.13,21.11,21.17,21.00,21.17,21.13,21.13,21.11,21.11,21.08,21.13,21.04,21.02,21.02,20.89,20.97,20.95,21.11,21.02,20.87,20.91,21.06,21.04,21.17,20.97,21.06,21.32,20.87,21.06,21.06,21.00,21.00,21.02,21.06,21.22,21.06,21.28,21.22,21.13,21.19,21.06,21.28
21.77,21.75,21.57,21.63,21.46,21.57,21.41,21.57,21.55,21.61,21.52,21.66,21.57,21.55,21.48,21.59,21.50,21.63,21.52,21.55,21.50,21.57,21.52,21.59,21.55,21.46,21.59,21.68,21.66,21.52,21.81,21.48,21.59,21.59,21.61,21.59,21.63,21.61,21.52,21.57,21.57,21.61,21.61,21.55,21.39,21.46,21.55,21.55,21.46,21.68,21.39,21.52,21.43,21.48,21.46,21.30,21.37,21.32,21.39,21.28,21.26,21.19,21.24,21.41,21.37,21.32,21.43,21.30,21.41,21.32,21.17,21.08,20.97,21.08,21.15,21.19,21.04,21.11,21.11,20.93,21.02,21.06,20.93,20.97,21.13,21.04,21.06,20.97,21.13,21.00,21.08,21.13,21.08,21.22,21.04,21.04,21.06,21.13,21.22,21.06,21.08,21.15,21.06,21.24,21.08,21.04,21.24,21.15,21.11,21.11,21.04,21.13,21.11,21.08,21.08,21.02,21.04,21.06,21.02,21.19,21.19,21.08,21.11,21.13,21.08,21.00,20.91,20.97,20.95,21.13,21.02,21.04,21.06,21.00,21.13,21.13,21.04,21.02,21.13,21.00,21.13,20.93,20.95,21.13,21.15,21.02,21.02,21.00,20.97,21.17,21.08,21.08,21.04,21.06,21.13,21.19,21.19,21.06,21.06,21.11
21.88,21.66,21.68,21.57,21.48,21.50,21.55,21.48,21.63,21.52,21.43,21.48,21.61,21.30,21.37,21.61,21.39,21.46,21.52,21.50,21.52,21.48,21.41,21.50,21.37,21.52,21.52,21.66,21.59,21.46,21.61,21.55,21.50,21.61,21.46,21.63,21.50,21.55,21.43,21.68,21.59,21.50,21.50,21.32,21.43,21.55,21.57,21.52,21.46,21.39,21.63,21.48,21.50,21.41,21.39,21.46,21.32,21.28,21.30,21.28,21.32,21.32,21.15,21.22,21.28,21.48,21.32,21.55,21.41,21.19,21.11,21.02,21.04,20.97,21.02,21.00,21.08,21.02,21.08,20.93,21.11,21.06,21.00,21.00,21.08,20.97,21.15,21.13,21.04,21.06,21.04,21.13,21.08,21.04,21.22,20.97,21.08,20.97,21.13,21.04,21.15,21.17,21.04,21.15,21.11,21.04,21.06,21.06,21.15,20.97,20.95,21.04,21.02,20.97,20.89,21.08,21.19,21.13,21.04,21.08,20.97,21.04,21.08,21.13,21.06,20.97,20.84,21.02,21.02,20.93,21.08,21.15,21.15,20.84,20.95,21.08,21.11,20.95,21.08,21.17,21.00,20.93,20.89,21.13,20.93,21.04,20.89,20.89,20.91,21.00,21.19,20.95,21.08,21.02,21.19,21.02,21.00,21.08,21.11,21.06
22.23,21.61,21.77,21.55,21.66,21.48,21.32,21.28,21.59,21.50,21.61,21.55,21.48,21.50,21.39,21.41,21.46,21.37,21.37,21.43,21.41,21.50,21.35,21.50,21.48,21.32,21.48,21.48,21.52,21.48,21.55,21.50,21.59,21.41,21.50,21.48,21.63,21.48,21.55,21.37,21.52,21.50,21.50,21.41,21.50,21.39,21.41,21.39,21.57,21.26,21.39,21.37,21.32,21.37,21.39,21.30,21.37,21.37,21.30,21.28,21.28,21.22,21.24,21.22,21.28,21.41,21.39,21.43,21.26,21.06,21.11,21.00,21.02,21.08,20.84,21.00,20.97,20.95,21.04,21.19,21.08,21.08,20.93,20.93,20.95,21.11,20.97,21.06,21.17,21.17,20.97,21.06,21.17,21.04,21.15,21.13,21.08,21.08,21.17,21.02,21.17,21.19,21.26,21.11,21.15,21.13,21.19,21.06,21.13,21.11,21.04,21.06,21.13,21.08,21.04,21.04,21.06,20.97,21.24,21.11,21.00,20.93,21.06,20.95,21.04,21.04,20.97,20.93,21.06,21.13,21.15,21.06,20.87,21.06,20.95,20.87,21.06,21.06,21.08,21.15,21.11,20.97,21.02,20.93,21.04,21.06,20.95,20.82,20.95,21.02,21.08,21.00,21.00,20.95,21.00,21.19,21.06,21.08,21.11,20.97
21.97,21.55,21.68,21.63,21.61,21.52,21.48,21.41,21.43,21.43,21.57,21.68,21.46,21.52,21.37,21.28,21.52,21.46,21.50,21.48,21.55,21.32,21.52,21.48,21.43,21.37,21.55,21.50,21.50,21.37,21.55,21.50,21.52,21.50,21.50,21.55,21.57,21.41,21.43,21.43,21.59,21.50,21.32,21.39,21.37,21.50,21.50,21.41,21.46,21.32,21.35,21.30,21.39,21.43,21.41,21.52,21.22,21.32,21.30,21.17,21.37,21.28,21.24,21.37,21.37,21.32,21.41,21.35,21.37,21.24,21.02,20.97,21.02,21.00,21.00,20.97,20.84,21.06,21.02,21.06,21.02,21.02,21.02,21.04,21.04,21.04,21.24,21.06,21.13,21.08,21.02,21.17,21.24,21.22,21.13,20.97,21.08,21.13,21.13,21.11,21.17,21.15,21.17,21.08,21.08,21.04,21.13,21.00,21.11,21.19,21.04,21.11,21.02,21.00,21.13,21.00,21.06,20.91,21.24,21.13,21.13,21.02,21.15,20.97,21.22,20.97,21.06,20.97,21.02,21.17,20.95,21.04,21.02,21.08,21.11,21.02,21.02,21.04,20.95,21.11,21.00,21.04,20.97,21.04,21.11,20.82,21.00,21.06,21.06,20.89,20.93,21.04,21.00,21.13,21.19,21.06,21.06,21.15,21.11,21.08
22.01,21.39,21.43,21.59,21.59,21.41,21.48,21.46,21.37,21.57,21.57,21.39,21.46,21.50,21.48,21.32,21.37,21.28,21.61,21.48,21.41,21.37,21.41,21.46,21.39,21.48,21.57,21.52,21.48,21.41,21.43,21.50,21.41,21.66,21.43,21.63,21.39,21.35,21.30,21.39,21.43,21.46,21.41,21.50,21.46,21.39,21.61,21.39,21.48,21.41,21.26,21.28,21.22,21.32,21.30,21.46,21.39,21.22,21.26,21.32,21.39,21.32,21.19,21.22,21.30,21.26,21.35,21.32,21.35,21.24,21.02,21.04,20.97,20.89,21.00,21.08,21.00,20.97,20.91,21.02,21.00,21.08,20.93,21.00,21.08,20.97,21.13,21.04,20.87,21.06,20.97,21.08,21.08,21.13,21.17,21.08,21.04,21.04,21.08,21.11,21.02,21.13,21.13,21.11,21.15,21.06,21.13,21.06,21.04,21.15,21.11,21.04,21.04,21.02,21.11,21.06,21.04,21.26,21.13,21.13,21.02,21.11,20.97,21.11,21.17,21.08,20.93,21.02,20.89,21.06,21.02,20.87,20.89,21.02,20.97,20.97,20.95,20.87,21.04,21.06,21.06,21.06,21.13,20.93,21.13,20.97,21.04,20.97,21.00,20.97,21.06,21.15,21.00,21.11,21.08,21.13,21.04,21.11,21.06,20.95
21.99,21.59,21.66,21.57,21.57,21.46,21.41,21.43,21.32,21.37,21.52,21.59,21.50,21.48,21.46,21.57,21.46,21.39,21.55,21.37,21.55,21.35,21.30,21.22,21.35,21.41,21.48,21.32,21.37,21.55,21.50,21.46,21.50,21.43,21.43,21.50,21.50,21.37,21.24,21.41,21.22,21.50,21.46,21.35,21.39,21.46,21.32,21.48,21.35,21.35,21.26,21.24,21.30,21.26,21.26,21.32,21.35,21.35,21.37,21.28,21.26,21.28,21.15,21.24,21.43,21.39,21.39,21.19,21.28,21.08,21.04,20.97,21.11,21.04,21.00,21.04,20.93,21.04,21.06,21.15,21.11,21.11,21.02,21.11,21.13,21.02,21.00,21.02,20.97,21.08,21.15,20.93,21.04,21.00,21.11,20.84,20.93,20.97,21.06,20.97,21.11,21.06,21.22,21.06,21.04,21.06,20.97,21.04,21.00,21.08,21.08,21.06,21.08,20.91,20.91,20.95,21.06,20.87,21.17,21.15,21.06,20.97,20.97,21.00,21.08,20.93,21.15,20.91,21.04,20.95,21.08,20.91,21.00,21.04,20.84,21.00,20.97,20.82,20.84,20.95,20.93,21.06,21.04,20.91,20.95,21.08,21.02,21.06,20.87,20.87,20.97,20.97,21.02,20.93,20.91,21.00,20.97,20.97,21.08,21.04
22.10,21.52,21.55,21.63,21.61,21.50,21.46,21.50,21.41,21.50,21.52,21.37,21.41,21.30,21.48,21.32,21.43,21.32,21.32,21.32,21.46,21.35,21.43,21.35,21.30,21.50,21.48,21.37,21.46,21.43,21.50,21.48,21.35,21.39,21.52,21.48,21.41,21.41,21.43,21.37,21.17,21.30,21.35,21.39,21.28,21.43,21.48,21.19,21.35,21.26,21.32,21.30,21.26,21.28,21.30,21.30,21.19,21.06,21.28,21.04,21.15,21.28,21.17,21.24,21.41,21.35,21.35,21.32,21.15,20.97,20.93,21.06,20.97,20.93,21.06,21.04,20.97,20.97,21.04,21.22,20.97,21.04,20.97,21.00,21.00,21.06,20.89,21.00,21.04,20.97,21.02,21.00,21.04,21.19,21.11,21.11,20.97,20.97,21.08,21.04,21.11,21.11,21.17,21.13,21.06,21.13,21.15,21.00,21.04,21.08,21.08,21.08,21.13,21.11,21.02,21.04,21.15,21.11,21.06,20.97,21.11,21.04,21.08,21.02,21.08,20.73,20.95,21.06,20.91,21.06,20.95,21.02,21.02,21.11,21.02,21.13,21.06,20.91,20.93,21.13,20.93,20.97,20.91,20.91,21.06,20.95,21.04,20.93,20.97,20.97,21.13,21.04,21.00,21.06,21.11,21.11,21.04,21.11,21.11,20.87
22.17,21.57,21.55,21.59,21.59,21.50,21.43,21.48,21.52,21.50,21.41,21.52,21.52,21.43,21.35,21.50,21.41,21.43,21.57,21.41,21.30,21.26,21.39,21.35,21.37,21.35,21.39,21.32,21.43,21.37,21.39,21.46,21.39,21.11,21.35,21.28,21.39,21.37,21.32,21.30,21.32,21.26,21.37,21.19,21.26,21.35,21.30,21.28,21.30,21.28,21.28,21.28,21.35,21.30,21.37,21.30,21.26,21.13,21.17,21.15,21.32,21.06,21.06,21.11,21.37,21.32,21.30,21.37,21.06,20.97,20.97,21.02,20.84,20.93,20.84,21.02,20.97,21.04,21.02,21.11,20.95,20.93,21.04,21.06,21.00,21.04,20.97,20.89,20.95,21.11,20.97,21.06,21.08,21.02,21.04,21.04,20.95,21.08,21.00,20.97,21.02,21.13,21.24,21.04,20.93,21.00,21.04,21.11,21.06,21.19,21.02,21.02,21.06,21.04,21.02,21.11,21.02,21.02,21.15,21.15,21.13,20.91,21.00,21.06,21.04,20.80,20.97,21.00,21.02,21.02,21.00,20.87,21.00,20.93,21.02,20.97,21.06,21.04,20.82,20.87,20.97,20.87,20.89,20.95,21.11,20.93,21.04,20.91,20.91,20.89,21.00,20.97,21.02,21.06,20.95,21.02,21.04,20.89,21.04,21.11
21.75,21.57,21.48,21.57,21.48,21.43,21.41,21.41,21.46,21.48,21.52,21.43,21.37,21.43,21.32,21.32,21.52,21.37,21.41,21.35,21.30,21.26,21.48,21.26,21.28,21.28,21.28,21.30,21.22,21.32,21.32,21.43,21.22,21.28,21.17,21.15,21.26,21.17,21.32,21.24,21.32,21.13,21.24,21.26,21.13,21.35,21.17,21.28,21.22,21.22,21.19,21.15,21.22,21.24,21.32,21.24,21.22,21.11,21.28,21.19,21.15,21.13,21.11,21.24,21.35,21.41,21.19,21.22,21.08,21.04,21.02,21.08,21.06,21.00,21.00,21.04,20.95,21.02,20.91,20.91,21.02,21.00,20.95,21.00,21.02,21.04,21.02,21.06,21.00,20.97,20.76,20.97,21.11,20.97,21.00,20.93,20.84,20.97,21.02,21.00,20.95,21.13,21.19,21.11,21.06,21.13,21.04,21.04,21.08,21.08,21.00,21.04,21.06,21.13,21.06,21.06,21.28,21.04,21.11,21.02,20.89,20.95,21.04,20.95,20.97,20.82,20.95,20.93,21.00,21.00,20.93,21.00,20.84,20.95,20.82,20.89,21.06,20.82,21.04,20.97,21.02,21.00,21.00,20.93,21.17,20.89,20.97,21.13,21.06,20.95,20.89,21.08,21.00,21.02,21.04,20.95,21.04,21.04,21.00,21.15
21.94,21.59,21.46,21.57,21.57,21.52,21.43,21.52,21.43,21.46,21.57,21.43,21.46,21.39,21.26,21.39,21.28,21.41,21.28,21.37,21.35,21.43,21.37,21.37,21.41,21.35,21.35,21.28,21.30,21.39,21.28,21.46,21.24,21.46,21.32,21.30,21.30,21.32,21.13,21.30,21.30,21.26,21.30,21.24,21.19,21.26,21.17,21.32,21.35,21.11,21.19,21.11,21.24,21.26,21.22,21.17,21.15,21.35,21.24,21.15,21.17,21.19,21.19,21.32,21.24,21.24,21.17,21.08,20.97,20.93,21.04,21.04,20.97,21.02,21.06,21.00,21.06,20.95,21.13,21.08,20.97,21.02,20.93,21.11,20.95,21.06,21.04,21.06,21.11,21.04,21.00,21.04,20.84,21.00,21.02,21.02,20.95,21.00,21.08,21.02,21.04,21.15,21.17,21.11,21.02,20.97,21.11,21.02,20.95,21.13,21.17,21.06,21.08,21.00,21.00,21.19,21.26,21.17,21.11,21.13,21.04,21.00,21.04,21.22,21.11,21.00,21.08,20.95,21.02,21.00,20.91,21.06,21.02,20.97,20.93,20.93,21.08,21.13,21.02,20.97,20.91,20.89,21.04,21.08,21.06,20.91,21.15,20.97,21.04,20.97,20.84,21.06,21.08,20.95,20.93,21.00,21.06,21.24,21.15,20.97
21.92,21.66,21.75,21.68,21.59,21.52,21.68,21.50,21.59,21.46,21.57,21.63,21.66,21.43,21.37,21.39,21.37,21.43,21.57,21.46,21.57,21.46,21.28,21.19,21.28,21.24,21.19,21.39,21.28,21.28,21.28,21.32,21.37,21.26,21.39,21.28,21.28,21.11,21.37,21.28,21.19,21.41,21.39,21.24,21.24,21.17,21.30,21.26,21.22,21.24,21.26,21.32,21.24,21.28,21.24,21.22,21.32,21.13,21.43,21.30,21.30,21.08,21.22,21.30,21.35,21.35,21.24,21.19,20.95,21.04,20.93,21.04,20.95,21.06,21.08,20.87,21.04,21.17,21.04,20.95,21.13,20.97,21.00,21.06,21.11,21.04,21.19,21.00,20.95,20.95,21.11,21.13,21.13,20.95,21.00,20.97,21.08,21.02,21.08,21.04,20.97,21.22,21.02,21.15,21.04,21.22,21.13,21.19,21.13,21.06,21.26,20.97,21.02,21.00,21.08,21.11,21.15,21.13,21.17,21.00,20.97,21.02,21.04,21.04,21.06,20.97,21.06,20.91,20.97,21.13,21.04,21.11,21.02,21.13,20.93,21.22,20.95,21.00,21.11,21.00,21.13,20.87,20.97,20.93,21.04,21.11,21.06,21.06,21.06,21.06,21.11,21.06,21.24,21.08,21.13,21.06,21.15,21.06,21.13,21.13
21.77,21.63,21.66,21.70,21.70,21.41,21.63,21.41,21.43,21.39,21.39,21.46,21.68,21.43,21.41,21.26,21.26,21.32,21.43,21.37,21.13,21.48,21.43,21.19,21.26,21.50,21.43,21.41,21.24,21.28,21.39,21.24,21.26,21.32,21.28,21.35,21.35,21.13,21.22,21.24,21.13,21.08,21.43,21.24,21.22,21.30,21.06,21.24,21.30,21.24,21.22,21.24,21.17,21.22,21.24,21.24,21.15,21.11,21.08,21.17,21.17,21.17,21.24,21.35,21.22,21.28,21.39,21.11,21.04,20.93,20.95,21.00,20.89,21.00,21.00,21.00,20.97,21.11,21.08,21.04,21.02,21.06,20.93,20.95,20.91,21.06,21.00,20.95,20.97,20.97,21.00,21.11,21.13,21.11,20.97,20.95,21.02,20.97,20.89,20.93,20.95,21.11,21.19,21.06,21.13,21.06,21.22,21.08,21.06,21.08,21.08,21.02,21.11,21.02,21.02,20.95,21.00,21.17,21.17,21.13,21.06,20.95,21.15,20.97,21.08,21.02,20.95,20.97,21.08,21.00,20.84,21.02,20.91,21.11,20.97,21.13,21.04,21.04,20.97,21.04,21.11,20.93,21.08,21.04,21.13,21.00,21.11,21.00,21.06,20.91,20.93,21.17,21.06,21.11,20.97,21.04,21.06,21.30,21.15,20.91
21.88,21.59,21.52,21.57,21.55,21.43,21.39,21.43,21.59,21.41,21.50,21.39,21.43,21.55,21.52,21.37,21.37,21.41,21.39,21.28,21.46,21.37,21.30,21.35,21.32,21.24,21.19,21.39,21.26,21.32,21.39,21.32,21.26,21.32,21.22,21.15,21.17,21.11,21.13,21.08,21.19,21.24,21.11,21.08,21.13,21.17,21.22,21.17,21.32,21.19,21.13,21.17,21.26,21.24,21.15,21.24,21.19,21.08,21.08,21.15,21.13,21.19,21.13,21.35,21.26,21.15,21.17,20.97,20.91,20.95,21.00,20.93,20.95,20.91,21.02,21.04,20.93,20.97,20.97,20.95,21.02,20.95,21.04,21.13,20.95,21.06,21.06,21.04,21.02,20.91,20.97,21.02,21.00,21.17,20.97,20.93,21.04,20.91,21.13,20.91,21.06,21.13,21.15,21.24,21.02,21.06,21.19,21.22,21.00,21.15,21.11,21.11,21.06,21.04,20.97,21.04,21.02,21.17,21.04,21.17,21.11,21.00,20.97,21.17,21.08,21.06,21.04,20.87,21.15,20.95,21.06,20.93,21.00,21.06,20.82,20.89,20.97,20.93,21.02,21.11,21.11,20.89,20.93,21.04,21.30,20.89,21.04,21.04,20.87,20.91,21.19,20.91,21.11,20.97,21.06,21.17,21.02,21.06,20.95,21.17
21.90,21.66,21.48,21.66,21.55,21.48,21.70,21.50,21.52,21.30,21.52,21.48,21.43,21.52,21.41,21.61,21.46,21.41,21.15,21.39,21.39,21.35,21.28,21.30,21.17,21.15,21.22,21.26,21.30,21.22,21.37,21.39,21.41,21.26,21.30,21.13,21.04,21.19,21.04,21.08,21.22,21.11,21.15,21.13,21.11,21.26,21.22,21.13,21.26,21.22,21.22,21.26,21.06,21.22,21.19,21.22,21.17,21.24,21.22,21.19,21.15,21.24,21.08,21.28,21.13,21.11,21.06,21.04,20.97,20.95,20.89,20.91,21.04,20.84,21.06,20.97,20.93,21.04,21.00,20.93,21.02,20.91,21.02,21.08,21.02,21.00,21.00,20.97,21.04,21.11,20.93,21.04,21.00,21.06,21.00,21.06,20.82,21.06,21.06,20.91,21.13,21.06,21.13,21.15,21.17,21.11,21.24,21.15,21.02,21.06,21.15,21.00,20.97,21.08,21.00,20.93,21.19,21.02,21.06,21.02,21.04,21.02,21.02,20.97,21.04,21.04,21.04,21.04,21.22,21.11,20.97,21.02,21.00,21.00,20.93,20.95,21.06,20.89,20.93,20.89,21.04,20.89,20.91,21.08,21.11,20.89,20.95,20.97,21.06,20.78,21.11,20.95,20.93,21.19,21.08,21.02,21.06,21.13,21.04,21.06
22.17,21.55,21.63,21.61,21.52,21.48,21.59,21.37,21.43,21.52,21.55,21.50,21.43,21.28,21.35,21.39,21.35,21.26,21.28,21.32,21.17,21.30,21.32,21.17,21.19,21.26,21.26,21.24,21.28,21.30,21.26,21.24,21.32,21.26,21.13,21.22,21.04,21.19,21.06,21.13,21.28,21.32,21.17,20.93,21.11,21.06,21.15,21.24,21.19,21.13,21.17,21.15,21.24,21.30,21.24,21.06,21.08,21.19,21.06,21.00,21.04,21.19,21.28,21.13,21.24,21.13,21.15,20.93,21.00,20.91,20.80,20.87,20.78,20.93,20.84,20.82,20.97,21.00,21.04,21.04,20.97,20.95,20.87,21.15,20.73,21.02,20.95,20.89,20.97,21.00,20.95,21.02,21.00,20.95,20.93,20.89,20.87,20.95,20.95,21.08,20.95,21.04,20.95,21.04,20.93,21.13,21.17,21.08,21.04,21.06,21.13,21.11,21.00,21.04,20.95,21.02,21.00,21.06,20.97,20.93,21.04,20.97,21.06,20.93,21.00,20.95,20.97,20.89,21.02,20.95,20.95,20.97,20.93,21.02,20.93,21.04,21.02,21.00,20.93,20.93,20.89,20.91,20.95,20.95,21.08,20.84,21.02,20.76,20.91,20.91,20.91,20.91,20.93,21.02,21.08,20.95,20.97,20.91,20.95,20.84
21.77,21.63,21.72,21.72,21.66,21.66,21.68,21.61,21.55,21.66,21.59,21.30,21.61,21.35,21.28,21.46,21.52,21.39,21.39,21.24,21.22,21.32,21.37,21.35,21.17,21.17,21.24,21.13,21.24,21.26,21.30,21.17,21.22,21.24,21.28,21.15,21.08,21.13,21.15,21.08,21.13,21.22,21.19,21.06,21.02,21.08,21.17,21.02,21.13,21.15,21.11,21.26,21.17,21.15,21.30,21.08,21.06,21.06,21.04,21.11,21.06,21.19,21.13,21.22,21.15,21.19,21.04,21.02,20.82,20.97,20.84,20.87,21.02,20.95,20.97,20.95,20.91,21.08,20.84,21.06,20.97,21.04,20.82,21.04,21.04,21.06,20.97,20.95,20.97,21.11,20.97,21.02,21.02,21.00,20.91,20.91,20.95,20.97,21.04,21.02,21.02,20.97,21.17,21.00,21.00,21.19,21.04,21.08,21.04,21.06,21.02,20.97,21.06,21.06,21.08,21.08,21.22,21.08,21.15,21.08,20.97,21.15,21.11,21.00,20.89,20.97,21.17,20.91,21.17,21.04,20.87,21.00,20.87,20.95,21.04,20.93,20.97,20.93,20.84,21.02,20.84,20.87,21.00,20.91,21.06,20.91,21.00,20.93,20.95,20.93,21.04,21.19,20.97,20.91,20.95,21.04,21.06,21.00,20.95,21.04
22.06,21.59,21.57,21.77,21.59,21.63,21.72,21.55,21.66,21.55,21.59,21.59,21.77,21.52,21.39,21.50,21.48,21.30,21.39,21.30,21.28,21.39,21.24,21.26,21.41,21.30,21.37,21.32,21.43,21.28,21.30,21.22,21.26,21.22,21.19,21.17,21.11,21.08,21.13,21.04,21.19,21.13,21.15,21.04,21.11,21.11,21.11,21.06,21.15,21.28,21.15,21.17,21.06,21.08,21.19,21.22,21.13,21.15,21.00,21.13,21.13,21.30,21.19,21.28,21.26,21.02,21.04,20.97,20.89,20.89,20.95,21.06,20.93,21.06,20.97,20.91,21.04,21.06,21.06,21.02,20.97,20.93,20.95,20.93,21.04,21.11,21.17,21.02,21.08,21.22,21.11,21.00,21.04,21.08,21.15,21.04,20.93,21.02,21.00,20.97,21.00,21.19,21.17,21.08,21.15,21.15,21.17,21.00,21.02,21.11,21.04,21.02,21.11,21.08,20.93,21.08,21.15,21.11,21.08,21.13,21.08,21.11,21.17,21.11,21.11,21.17,21.02,21.04,21.04,21.06,20.91,21.08,20.95,21.00,20.93,20.97,21.02,21.00,21.08,20.95,20.93,21.00,20.89,20.91,21.11,20.97,21.11,20.95,20.97,20.93,21.02,21.11,21.06,21.06,20.97,20.97,21.04,20.97,21.06,21.00
21.72,21.70,21.63,21.81,21.52,21.59,21.66,21.66,21.50,21.68,21.59,21.41,21.59,21.39,21.52,21.43,21.35,21.35,21.43,21.26,21.26,21.26,21.26,21.32,21.24,21.24,21.17,21.22,21.19,21.17,21.32,21.17,21.30,21.22,21.19,21.13,21.22,21.08,21.19,21.06,21.11,21.06,21.13,21.02,21.08,21.06,21.00,21.08,21.24,21.24,21.04,21.15,21.02,21.32,21.13,21.04,21.13,21.15,21.08,21.11,21.26,21.15,21.15,21.13,21.13,21.17,21.04,20.78,20.89,20.95,21.00,21.00,20.91,21.02,20.78,20.87,20.95,20.87,21.08,20.95,20.82,20.93,20.91,21.11,21.00,20.93,20.91,20.95,20.97,21.02,20.91,21.00,21.02,21.02,20.89,20.93,20.93,20.95,20.95,21.08,21.00,21.13,21.08,21.22,21.15,21.19,21.04,20.97,21.06,21.11,21.08,21.02,21.22,21.17,21.04,21.02,21.06,21.15,20.89,21.06,21.08,21.13,21.19,21.26,21.15,21.04,21.04,20.91,20.89,20.82,21.11,21.13,21.00,21.08,20.91,20.95,20.95,20.97,20.89,21.08,20.93,20.91,20.97,20.95,21.04,20.93,20.93,20.78,20.91,20.89,21.02,21.02,21.11,20.97,21.00,21.08,21.00,21.02,21.04,21.11
21.90,21.57,21.50,21.55,21.57,21.43,21.72,21.57,21.63,21.46,21.59,21.61,21.50,21.39,21.48,21.39,21.46,21.24,21.43,21.41,21.37,21.15,21.28,21.28,21.26,21.13,21.22,21.22,21.24,21.08,21.26,21.08,21.11,21.15,21.11,21.00,21.11,21.13,21.02,21.17,21.02,21.15,20.97,21.17,21.04,21.08,21.02,21.17,21.13,21.19,21.02,21.15,21.02,21.15,21.06,21.00,21.06,21.11,21.06,21.22,21.28,21.19,21.08,21.15,20.95,21.00,21.04,20.93,20.82,20.93,20.97,20.93,20.89,21.00,20.84,20.87,20.95,21.04,20.97,20.95,21.00,20.91,20.80,20.91,20.91,21.00,20.97,21.00,21.04,21.06,20.97,21.22,21.22,20.97,20.87,21.04,20.91,20.93,20.91,20.91,20.97,21.13,21.04,21.15,21.00,21.13,21.11,21.13,21.04,21.08,21.00,21.04,21.11,21.13,20.93,21.11,21.24,21.08,21.04,21.11,21.15,21.00,21.13,21.17,21.13,21.06,21.11,21.04,21.04,21.02,20.87,21.00,20.97,20.97,21.06,20.97,21.08,20.91,20.95,20.97,20.89,20.97,21.04,21.02,21.02,20.87,20.82,20.97,21.04,20.82,20.89,21.08,21.11,20.89,20.84,21.11,21.17,20.89,21.06,21.02
21.61,21.46,21.57,21.41,21.41,21.46,21.52,21.57,21.48,21.46,21.48,21.43,21.43,21.41,21.30,21.50,21.55,21.50,21.39,21.30,21.35,21.37,21.15,21.17,21.22,21.30,21.26,21.13,21.13,21.26,21.11,21.22,21.22,21.08,21.11,21.13,21.15,21.04,21.11,21.00,21.13,21.19,21.11,21.02,21.04,21.22,21.19,21.08,21.13,20.97,21.15,20.95,21.11,21.04,21.06,21.11,21.08,21.22,21.15,21.08,21.24,21.19,21.22,21.26,21.02,21.00,21.00,20.84,20.84,20.91,20.95,20.84,20.82,21.04,21.02,20.95,20.95,20.91,20.91,20.97,21.02,21.02,20.73,21.00,20.87,21.04,21.04,21.06,20.95,20.91,20.91,21.00,21.00,20.82,20.87,21.02,21.00,20.93,20.87,20.93,21.11,21.02,21.15,20.93,21.04,21.00,21.19,21.04,21.11,20.95,21.19,21.02,21.06,21.17,21.13,21.19,21.15,21.19,21.08,21.02,20.95,21.17,21.04,21.04,21.15,20.97,20.97,21.02,21.00,20.93,20.93,21.02,20.97,20.91,20.91,20.95,21.00,20.91,21.13,21.08,20.89,20.89,21.04,20.93,20.91,21.02,21.08,21.02,20.97,21.04,20.93,20.95,20.91,21.02,20.95,20.95,20.93,20.93,20.97,21.04
21.97,21.41,21.50,21.48,21.68,21.39,21.52,21.41,21.32,21.55,21.48,21.48,21.50,21.35,21.30,21.39,21.46,21.48,21.50,21.35,21.19,21.41,21.08,21.32,21.15,21.26,21.15,21.24,21.17,21.08,21.26,21.15,21.30,21.26,21.22,21.04,21.22,21.02,21.06,21.28,21.17,21.00,21.24,21.11,21.08,21.04,21.06,21.17,21.15,21.02,21.04,21.11,21.02,21.06,21.06,21.22,21.04,21.00,21.04,21.13,21.19,21.17,21.11,21.17,21.02,21.00,20.93,21.00,21.04,20.95,20.91,20.84,21.00,20.89,20.82,21.00,20.93,21.08,21.02,21.02,21.00,20.97,20.82,20.91,21.11,20.95,20.91,20.95,20.93,21.02,20.91,20.89,21.02,20.95,21.02,20.97,20.97,20.84,21.08,21.02,21.00,21.13,21.13,21.08,21.08,21.02,21.11,21.13,21.17,21.19,21.08,21.00,21.15,21.00,21.08,21.13,21.15,21.00,21.06,21.11,21.04,20.95,21.13,21.08,21.15,20.89,21.19,21.06,21.06,21.08,20.95,21.17,21.04,20.97,20.91,20.87,20.87,20.80,21.08,20.97,20.89,21.00,21.13,20.87,20.97,21.04,21.02,21.04,20.89,21.04,20.91,20.93,20.95,21.11,21.06,20.91,21.08,21.04,20.95,21.00
21.52,21.43,21.46,21.52,21.48,21.50,21.39,21.39,21.46,21.39,21.46,21.52,21.55,21.35,21.50,21.37,21.46,21.48,21.50,21.32,21.32,21.46,21.39,21.32,21.32,21.35,21.26,21.22,21.22,21.22,21.30,21.17,21.22,21.24,21.22,21.11,21.00,21.17,20.95,21.04,21.06,20.91,21.11,21.04,21.17,21.24,21.11,21.02,21.17,21.00,21.02,21.11,21.13,21.17,21.06,21.17,21.02,21.17,21.11,21.19,21.39,21.19,21.17,21.11,21.06,20.91,21.04,20.95,20.95,20.97,20.89,20.97,20.95,20.89,20.97,21.00,20.91,20.93,21.00,20.87,21.04,20.93,20.93,20.97,20.93,21.06,20.89,20.87,21.00,21.02,21.00,21.06,21.11,20.93,20.95,20.93,20.93,21.00,20.97,21.11,21.13,21.08,21.08,21.15,21.19,21.15,20.95,21.15,21.26,21.17,21.02,21.00,21.06,21.06,21.08,21.06,21.11,21.00,21.11,21.11,21.11,21.13,21.15,21.06,21.28,21.19,21.24,21.13,20.93,21.06,21.00,21.06,20.95,20.89,21.04,21.08,21.06,21.02,20.91,21.15,20.87,21.04,21.00,21.06,20.93,20.91,21.11,21.13,21.00,20.97,21.00,20.97,21.08,21.08,20.97,21.00,21.06,21.06,21.00,20.97
21.81,21.43,21.37,21.32,21.35,21.32,21.37,21.28,21.37,21.24,21.35,21.30,21.46,21.37,21.22,21.50,21.26,21.46,21.41,21.28,21.39,21.41,21.24,21.26,21.19,21.26,21.30,21.17,21.26,21.19,21.43,21.24,21.11,21.13,21.08,21.04,21.08,21.08,21.00,21.15,20.97,21.19,21.19,21.06,21.13,20.91,21.08,21.06,21.19,20.95,21.08,21.02,21.17,21.08,21.19,21.04,21.08,21.04,21.15,21.24,21.35,21.24,21.15,21.04,21.17,20.87,21.02,20.95,20.95,20.97,20.89,20.97,21.02,21.02,20.91,20.80,21.04,21.13,21.02,20.95,20.87,20.95,21.06,20.97,20.93,20.87,21.02,20.91,21.02,21.02,20.95,21.00,21.00,21.04,20.93,20.89,20.87,20.91,20.89,21.06,21.04,21.11,21.06,21.00,21.15,21.02,21.04,21.06,21.17,21.17,21.04,21.04,21.08,21.15,21.13,21.00,21.11,20.91,21.11,21.11,21.04,21.13,21.11,21.19,21.15,21.11,21.13,21.13,21.06,21.08,21.00,21.11,20.89,21.04,21.06,21.08,20.95,21.00,21.04,21.04,21.00,21.02,20.89,20.97,21.06,21.04,20.97,20.97,20.82,20.91,21.02,21.11,20.95,20.95,21.00,21.15,21.02,20.95,20.91,21.13
21.79,21.30,21.48,21.46,21.37,21.41,21.35,21.17,21.32,21.35,21.43,21.26,21.41,21.37,21.17,21.22,21.37,21.41,21.26,21.32,21.24,21.30,21.32,21.39,21.19,21.30,21.22,21.22,21.19,21.26,21.46,21.15,21.19,21.15,21.32,21.19,21.13,21.02,21.02,21.13,21.00,21.04,20.97,21.15,21.08,21.06,21.02,21.06,21.11,21.17,21.04,21.17,21.13,21.15,21.08,21.13,21.11,21.11,21.13,21.30,21.24,21.28,21.22,21.11,20.87,20.93,20.84,20.87,20.95,21.00,20.89,20.95,21.00,20.87,21.00,21.04,20.91,21.02,20.95,20.93,20.93,20.84,20.87,20.95,20.91,21.08,21.06,21.00,20.89,20.95,21.02,21.00,21.04,20.97,21.08,21.11,20.97,21.06,20.97,21.06,21.04,21.19,21.11,21.02,21.08,21.00,21.04,21.11,21.13,21.13,21.04,21.24,21.17,21.15,21.02,21.02,21.02,20.95,21.02,21.17,21.08,21.04,21.28,21.06,21.26,21.06,21.19,21.04,21.06,21.08,21.04,21.00,20.91,21.04,20.97,21.04,21.15,21.11,20.91,20.93,20.97,20.95,20.91,20.95,20.95,20.82,21.00,20.97,21.11,20.97,21.08,21.00,21.04,20.91,20.95,20.93,20.95,21.04,20.93,21.06
21.83,21.50,21.35,21.37,21.37,21.30,21.30,21.46,21.41,21.43,21.17,21.24,21.15,21.24,21.24,21.26,21.08,21.19,21.13,21.15,21.17,21.15,21.11,21.08,21.15,21.15,21.19,21.13,21.17,21.04,21.26,21.28,21.28,21.19,21.17,21.15,21.15,21.26,21.13,20.95,21.22,21.17,21.02,20.84,21.00,21.04,21.06,21.13,21.08,21.06,20.91,21.19,21.15,21.08,20.89,21.02,21.11,21.17,21.11,21.19,21.19,21.22,21.17,21.13,20.97,20.89,20.95,20.95,20.87,20.87,20.80,20.91,20.95,20.97,20.80,20.89,20.91,21.02,21.11,21.06,20.97,20.87,20.95,21.02,20.95,20.87,21.04,21.00,21.02,20.89,21.11,21.04,21.13,21.11,21.11,20.87,21.00,21.06,21.11,20.95,20.97,20.97,21.00,21.02,21.08,21.19,21.17,21.02,21.06,21.02,21.13,21.04,21.00,21.11,21.11,21.04,21.02,20.97,21.00,21.02,21.15,21.06,21.24,21.22,21.06,21.06,21.08,21.13,21.11,20.91,21.08,20.93,20.97,20.93,20.87,21.02,21.06,20.95,21.04,20.78,20.91,20.93,20.87,20.95,21.00,20.89,20.97,21.00,20.84,20.87,21.11,21.06,21.00,20.89,21.00,20.89,20.97,21.00,21.02,21.00
21.79,21.37,21.43,21.46,21.43,21.35,21.35,21.30,21.39,21.30,21.35,21.35,21.28,21.13,21.28,21.17,21.17,21.30,21.30,21.11,21.17,21.08,21.06,21.02,21.11,21.08,21.06,21.13,21.04,21.02,21.11,21.19,21.11,21.17,21.15,21.15,21.22,21.22,21.00,21.15,21.06,21.08,21.06,21.06,20.97,21.04,21.11,21.02,21.11,21.11,21.02,21.15,21.06,20.97,20.97,21.00,21.02,21.11,21.06,21.19,21.11,21.19,21.13,21.04,20.95,20.95,20.91,20.93,20.84,20.93,20.87,20.87,20.89,20.87,20.91,20.95,20.97,21.04,21.02,20.97,20.95,20.97,20.87,20.93,20.91,20.97,20.97,21.02,20.93,21.04,20.91,21.08,21.04,21.00,20.95,20.91,20.84,21.02,21.04,20.95,20.84,21.02,21.13,21.06,21.11,21.08,21.04,21.13,21.13,21.04,21.06,21.04,21.08,21.06,21.00,20.82,21.08,21.00,21.06,21.11,21.17,21.13,21.15,21.17,21.22,21.06,21.11,21.11,21.02,21.02,20.95,20.84,21.06,20.80,20.93,20.89,21.06,20.93,20.97,20.84,20.91,21.02,20.93,20.87,21.15,20.97,21.08,20.89,20.95,20.91,20.89,20.82,20.95,20.87,20.95,20.95,20.95,21.13,20.95,20.91
21.77,21.46,21.46,21.46,21.48,21.37,21.35,21.24,21.35,21.19,21.35,21.43,21.35,21.22,21.26,21.30,21.15,21.24,21.24,21.32,21.17,21.15,21.11,21.19,21.11,21.17,21.08,21.02,21.04,21.08,21.26,21.15,21.22,21.15,21.28,21.22,21.17,21.22,21.06,21.19,21.11,21.15,21.19,21.22,21.13,21.15,21.15,21.02,21.19,21.06,21.13,21.11,21.17,21.02,21.13,20.97,21.22,21.19,21.17,21.30,21.17,21.24,21.15,21.00,20.87,20.97,21.00,20.89,20.91,20.91,20.78,20.95,21.11,21.00,21.02,21.00,21.04,21.04,20.91,21.17,20.95,20.87,20.89,20.91,21.02,20.95,21.00,21.02,21.11,21.11,21.02,21.08,21.02,21.06,20.97,20.97,20.95,20.93,21.02,21.02,21.13,21.11,21.13,20.97,21.04,21.17,21.06,21.15,21.06,21.11,21.08,21.11,21.15,21.19,20.95,21.04,21.13,20.89,21.04,20.93,21.11,21.04,21.15,21.15,21.17,21.08,21.11,21.02,20.89,20.95,20.93,20.97,20.97,21.00,20.97,20.95,21.04,20.95,21.06,21.08,20.91,21.04,20.91,20.87,21.19,21.00,20.95,21.00,20.87,20.87,21.04,20.95,21.17,20.95,20.95,21.00,21.04,21.04,21.08,21.00
21.79,21.41,21.41,21.55,21.55,21.35,21.39,21.41,21.39,21.24,21.37,21.35,21.39,21.17,21.30,21.37,21.22,21.11,21.41,21.13,21.15,21.35,21.11,21.04,21.15,21.13,21.17,21.00,21.04,21.06,21.24,21.17,21.15,21.11,21.08,20.95,21.17,21.26,21.11,21.26,21.22,21.17,21.37,21.30,21.15,21.26,21.17,21.19,21.08,21.17,21.17,21.06,21.15,21.13,21.24,21.17,21.06,21.17,21.22,21.22,21.28,21.26,21.17,21.02,20.89,20.87,20.95,20.93,20.89,20.84,20.97,20.95,20.93,21.02,21.06,21.02,20.95,21.02,20.95,20.95,21.11,21.02,20.95,20.91,20.95,21.00,21.11,21.02,21.06,21.00,20.97,20.93,21.02,21.04,20.97,20.97,20.89,20.93,20.97,21.04,21.02,21.11,21.04,21.04,21.11,21.15,21.04,21.17,21.08,21.15,21.13,21.11,21.15,21.00,21.06,20.97,21.08,21.08,21.08,20.89,20.89,21.08,21.11,21.13,21.08,20.91,21.00,20.95,21.04,20.95,20.93,20.97,21.00,20.93,20.95,21.00,21.13,21.04,20.97,21.00,21.11,20.95,21.02,20.95,20.93,21.06,20.93,20.95,20.97,20.97,21.22,21.00,21.06,20.93,21.00,21.04,21.04,21.06,20.97,21.17
21.83,21.41,21.39,21.41,21.46,21.50,21.41,21.52,21.35,21.28,21.37,21.17,21.32,21.24,21.22,21.17,21.08,21.30,21.02,21.13,21.08,21.13,21.08,21.24,20.91,21.08,21.06,21.02,21.00,21.04,21.17,21.04,21.08,20.93,20.93,21.04,21.11,21.11,21.00,21.11,21.13,20.93,21.19,21.08,21.13,21.19,21.17,21.15,21.06,21.17,21.15,21.17,21.04,21.11,21.13,21.04,21.17,21.24,21.22,21.22,21.28,21.04,21.02,21.00,20.87,20.95,20.82,20.87,20.93,20.91,20.78,20.80,20.93,20.97,21.04,20.91,20.95,20.97,20.97,21.04,20.97,20.93,21.00,20.91,20.84,20.95,21.04,21.04,20.95,21.02,20.97,21.13,21.06,21.00,21.04,21.15,20.97,21.08,21.13,21.13,21.08,21.11,21.06,21.13,21.08,21.04,21.17,20.95,21.04,21.08,21.08,21.00,21.06,21.15,21.00,21.02,21.17,21.08,20.97,20.97,20.95,20.97,21.04,20.89,21.02,21.00,20.91,20.93,21.02,20.97,21.00,20.89,20.91,20.91,21.04,20.91,20.97,20.80,20.89,21.04,21.00,21.02,20.93,20.91,20.93,21.06,20.91,20.97,20.89,20.95,21.04,21.04,21.11,20.97,20.80,20.93,20.91,21.11,20.95,21.00
21.88,21.55,21.41,21.46,21.30,21.32,21.28,21.35,21.41,21.24,21.35,21.19,21.32,21.32,21.35,21.15,21.13,21.35,21.17,21.11,21.08,21.11,21.06,21.06,20.91,21.04,20.91,20.89,20.97,21.11,21.04,21.06,21.00,21.02,21.11,21.08,21.02,21.11,21.11,21.06,20.93,21.13,21.00,21.08,21.04,21.08,21.19,21.17,21.24,21.15,21.11,21.22,21.32,21.15,21.17,21.11,21.17,21.13,21.26,21.04,21.22,21.11,21.04,21.02,20.95,20.87,20.87,21.02,20.84,20.93,20.97,20.89,20.93,20.97,20.91,21.04,20.97,21.08,21.04,21.02,20.93,21.00,21.00,20.95,20.93,21.11,21.08,20.87,21.04,20.95,20.93,21.11,20.97,21.08,21.02,20.97,21.00,21.06,21.13,21.08,20.95,21.19,21.28,21.06,21.08,21.02,21.02,21.04,21.06,21.11,21.28,21.08,21.08,21.11,21.02,21.08,21.04,21.02,20.91,21.04,21.08,20.84,20.87,20.95,20.97,20.91,21.06,20.95,21.02,20.93,20.78,21.02,20.80,20.93,20.87,20.91,21.00,20.84,21.00,21.13,21.02,21.00,20.84,20.84,20.93,20.93,20.93,20.97,21.02,21.04,21.00,21.00,21.11,20.97,20.93,20.91,20.84,21.08,20.89,20.93
21.90,21.55,21.28,21.28,21.32,21.32,21.39,21.41,21.46,21.24,21.41,21.24,21.32,21.13,21.24,21.22,21.28,21.39,21.37,21.08,21.17,21.04,21.17,20.97,21.00,21.06,21.11,21.02,20.89,21.02,21.08,21.13,21.00,20.93,21.00,21.04,20.97,21.08,20.87,20.97,20.97,21.06,20.93,21.00,21.08,20.97,21.00,21.08,21.17,21.19,21.19,21.17,21.11,21.17,21.19,21.32,21.28,21.15,21.22,21.15,21.08,21.06,21.13,20.97,20.82,20.76,20.97,21.08,20.93,20.97,20.97,20.82,20.89,20.93,20.84,20.97,20.93,20.87,20.93,21.06,21.11,20.80,20.93,20.97,20.93,20.97,21.11,21.00,21.17,20.95,20.97,21.02,20.87,21.15,21.15,21.13,21.08,20.93,21.11,21.00,20.97,21.04,21.06,20.97,21.00,21.08,21.08,21.11,21.19,21.08,21.11,21.13,21.13,21.13,20.91,21.00,20.95,20.93,21.02,20.93,21.02,20.95,21.00,20.95,20.93,20.82,21.02,21.02,21.13,20.95,20.95,20.89,20.87,20.97,20.91,20.93,20.95,21.00,20.87,21.13,20.93,20.95,20.93,21.00,21.00,20.95,20.97,21.04,20.91,21.00,20.97,20.93,21.02,20.93,20.93,20.82,20.97,21.04,20.97,21.06
21.94,21.46,21.48,21.37,21.41,21.39,21.35,21.28,21.41,21.32,21.28,21.41,21.43,21.28,21.13,21.28,21.22,21.28,21.28,20.95,21.02,21.04,21.08,21.04,20.91,21.08,21.06,20.89,20.93,21.04,21.00,21.08,20.95,20.76,20.95,20.97,20.95,20.97,20.82,20.87,20.84,20.93,20.82,21.00,20.80,20.95,21.08,20.93,21.22,21.00,21.15,21.13,21.15,21.11,21.06,21.28,21.17,21.17,21.06,21.11,20.97,21.00,20.93,21.06,20.91,21.02,20.89,20.82,21.00,20.93,20.97,20.95,20.84,20.97,20.89,20.95,20.93,20.89,21.04,20.93,20.91,21.02,21.04,21.13,21.08,21.11,21.00,21.08,21.11,21.13,20.95,20.93,21.06,20.97,20.95,20.97,20.93,20.89,20.97,20.91,21.06,21.11,21.06,21.04,21.17,21.08,21.15,21.08,21.00,21.17,21.17,21.11,21.11,21.11,21.04,20.95,21.00,21.11,20.93,21.08,20.95,20.97,20.91,20.95,21.02,21.04,20.95,21.06,21.06,21.15,20.91,20.95,20.93,21.11,20.93,20.93,20.95,20.87,21.08,21.02,20.91,20.97,20.89,20.97,21.08,20.97,21.00,21.04,20.89,20.93,20.93,20.80,20.97,20.87,20.95,20.95,20.97,21.04,21.00,21.06
21.83,21.43,21.61,21.46,21.48,21.37,21.41,21.35,21.26,21.11,21.46,21.37,21.13,21.17,21.08,21.30,21.32,21.17,21.32,21.17,21.04,21.00,21.15,21.19,21.02,20.95,21.13,20.91,20.91,20.84,21.06,20.89,20.91,20.95,21.00,21.06,20.97,20.93,20.87,20.89,20.93,20.97,21.00,21.13,20.97,21.17,20.91,21.11,21.11,21.08,21.06,21.13,21.00,21.15,21.15,21.30,21.08,21.22,21.15,21.17,21.08,21.02,21.04,21.15,20.89,21.00,20.89,20.93,20.87,20.87,21.00,20.89,21.04,20.93,20.80,20.93,21.04,20.95,21.04,21.06,21.00,20.91,20.93,20.89,20.93,20.95,21.19,21.02,20.97,21.04,21.11,21.02,21.19,21.06,21.04,20.97,20.91,21.11,21.00,21.06,20.89,21.11,21.08,21.02,21.11,21.02,21.17,21.08,21.11,21.24,21.15,21.13,20.95,20.95,20.91,21.02,21.17,20.87,20.95,21.22,20.95,21.15,21.00,20.84,20.97,21.00,21.02,20.95,20.91,20.91,20.91,20.95,21.06,21.11,21.13,20.95,20.97,20.91,20.91,21.02,20.93,21.00,20.91,21.00,20.97,20.78,20.97,20.91,20.87,20.87,20.89,21.00,21.04,20.95,20.93,21.00,21.00,21.04,20.87,20.91
21.92,21.37,21.59,21.50,21.50,21.32,21.37,21.24,21.32,21.17,21.43,21.35,21.66,21.19,21.24,21.28,21.41,21.26,21.28,21.19,21.24,21.06,20.95,21.13,21.04,21.02,21.08,21.02,20.91,21.04,21.02,21.00,20.93,21.00,20.95,20.97,20.87,20.89,20.89,20.91,20.91,20.89,20.89,21.02,20.91,21.04,20.93,21.00,21.04,21.13,21.04,21.19,20.97,21.15,21.13,21.17,21.19,21.06,21.04,21.08,21.17,21.08,20.93,21.00,21.02,20.84,21.04,20.97,20.82,20.93,20.95,20.95,21.04,21.06,20.89,20.95,20.91,21.00,20.91,21.06,20.84,20.89,21.02,21.04,21.11,21.00,21.06,21.04,20.93,21.04,21.02,21.13,21.11,21.04,21.08,20.91,21.06,21.02,20.97,20.97,20.93,21.22,21.13,21.13,21.13,21.08,21.17,21.06,21.13,21.08,21.24,21.08,21.15,21.08,21.13,20.97,21.08,21.06,21.06,21.06,21.08,21.08,21.06,21.02,20.93,21.02,21.11,20.91,21.00,21.00,20.84,21.08,20.95,21.00,20.91,20.93,21.02,20.97,21.08,20.95,20.93,20.91,20.82,21.04,21.00,21.02,21.00,20.91,21.02,20.89,21.13,21.00,21.02,20.87,20.97,20.84,21.00,21.19,21.02,20.91
21.81,21.46,21.39,21.43,21.32,21.28,21.28,21.30,21.41,21.26,21.30,21.26,21.39,21.28,21.22,21.24,21.37,21.26,21.24,21.22,21.13,21.02,21.02,21.19,21.08,20.97,21.00,21.04,20.84,20.89,21.15,20.93,20.93,20.89,21.02,21.08,20.95,20.97,20.73,21.00,20.91,20.87,20.91,20.97,20.84,21.02,20.95,20.89,21.00,21.08,20.93,21.06,21.08,21.08,21.06,21.02,21.08,21.13,21.19,21.11,21.24,21.04,21.04,21.06,20.97,20.91,20.89,20.93,20.97,20.89,21.02,20.93,20.93,20.93,20.97,20.91,21.02,20.93,21.04,21.00,20.93,21.08,20.95,21.22,21.00,21.13,21.02,21.06,21.02,21.02,21.06,21.04,21.11,21.06,21.02,21.06,21.00,21.06,21.02,21.04,21.08,21.13,21.11,21.22,21.11,21.15,21.08,21.11,21.17,21.17,21.15,21.11,20.95,21.04,21.11,20.91,20.97,20.95,20.97,20.91,21.06,21.08,21.02,21.19,20.95,21.00,20.87,20.93,20.91,20.84,20.87,21.11,20.89,21.06,21.00,20.91,20.93,20.97,21.00,20.87,20.84,20.84,21.06,21.02,21.15,21.06,21.02,20.95,21.00,20.87,20.93,20.93,21.02,20.89,20.91,21.06,20.93,21.04,20.89,21.11
21.92,21.50,21.48,21.50,21.37,21.26,21.35,21.24,21.41,21.28,21.35,21.48,21.28,21.24,21.13,21.11,21.15,21.19,21.26,21.22,21.00,21.04,21.02,20.97,21.02,21.00,21.00,21.00,20.89,21.08,21.00,20.89,20.87,20.93,21.02,21.02,20.97,21.06,20.93,20.93,20.91,20.95,20.89,20.84,20.87,20.80,20.97,20.95,21.13,21.00,20.97,20.91,20.87,21.02,20.91,21.00,21.11,21.13,21.08,21.15,21.04,20.97,20.97,21.02,20.95,20.87,20.97,21.04,20.84,20.97,20.89,20.84,21.08,21.06,20.89,20.89,20.93,21.00,20.93,21.13,20.82,21.02,20.91,21.04,20.97,20.95,21.04,21.06,20.95,21.00,21.06,21.06,21.04,21.00,20.97,21.00,21.02,21.04,20.93,21.08,21.02,21.11,21.00,21.06,21.06,21.11,21.06,21.13,21.15,21.17,21.28,21.04,21.08,21.02,21.04,20.89,21.02,20.95,20.87,20.84,21.00,21.04,21.04,21.06,20.97,20.91,20.89,20.95,20.87,21.02,20.95,20.93,20.78,20.97,21.04,20.91,20.89,20.91,20.93,20.93,21.02,20.95,20.95,21.00,21.02,20.95,21.02,21.02,21.04,21.04,20.76,21.06,21.08,20.89,20.97,21.02,21.00,21.04,21.06,21.04
21.90,21.43,21.32,21.39,21.43,21.43,21.26,21.43,21.39,21.19,21.24,21.35,21.28,21.11,21.26,21.19,21.15,21.26,21.11,21.04,21.17,21.04,21.00,21.02,20.87,21.02,20.97,20.91,20.91,20.91,20.97,21.02,21.00,20.87,20.93,20.89,20.80,20.87,20.82,20.91,20.84,20.76,20.82,20.80,20.87,20.89,20.89,21.02,20.89,20.95,21.02,21.02,20.95,20.95,21.02,20.91,21.04,21.04,21.06,21.00,21.08,21.08,21.04,20.95,20.89,20.93,21.11,20.97,20.91,21.00,20.89,21.00,21.04,21.00,20.87,21.04,20.80,20.97,20.89,20.95,20.91,20.84,20.87,21.06,20.93,21.11,20.91,20.80,20.97,21.02,21.06,21.06,20.97,21.06,20.95,21.04,21.02,20.91,21.02,21.08,20.97,21.13,21.00,21.08,21.08,21.11,21.08,21.04,21.13,21.30,21.22,20.97,21.02,20.91,21.02,20.84,20.91,20.95,21.02,20.84,21.02,21.02,21.11,21.00,20.95,20.95,20.84,20.93,20.93,21.00,20.95,20.93,20.91,20.76,20.93,20.89,20.91,20.91,20.87,20.95,20.87,20.93,20.87,20.93,20.93,20.95,20.95,20.93,21.00,20.87,20.93,21.02,20.97,21.15,21.04,20.97,21.06,20.97,21.06,21.02
21.77,21.30,21.41,21.35,21.43,21.41,21.30,21.26,21.32,21.24,21.43,21.28,21.22,21.24,21.28,21.32,21.32,21.15,21.15,21.06,21.11,21.08,21.13,21.06,20.97,21.02,20.91,21.04,20.80,21.00,20.84,20.91,20.93,20.89,20.87,20.91,20.93,20.84,20.84,20.84,20.82,20.84,20.93,20.87,20.87,20.84,20.87,20.97,21.00,21.02,21.02,21.00,21.00,21.06,21.11,21.06,21.04,20.95,21.00,21.00,21.15,20.91,20.89,21.08,21.11,20.95,20.91,21.00,20.93,21.00,20.93,20.97,21.08,20.95,20.95,21.04,20.95,21.02,21.02,21.04,20.93,20.95,21.02,20.93,21.00,21.04,20.97,20.93,21.06,21.02,20.93,21.08,20.93,20.97,21.04,21.02,21.08,21.04,21.08,21.13,21.06,21.06,21.06,21.06,21.15,21.08,21.17,21.11,21.24,21.04,21.11,21.02,20.97,20.95,20.97,20.84,21.17,21.04,21.15,21.08,21.00,20.97,21.06,21.00,20.97,21.02,20.89,21.00,20.84,20.97,20.89,20.97,20.87,20.91,21.00,20.84,20.91,21.02,20.97,21.02,20.95,20.87,20.97,21.02,20.97,20.89,20.87,21.00,20.82,21.00,21.02,20.93,21.02,20.95,20.95,20.89,21.04,21.02,21.06,21.02
22.01,21.55,21.57,21.50,21.46,21.39,21.39,21.22,21.46,21.26,21.37,21.41,21.26,21.28,21.24,21.11,21.15,21.02,21.08,21.06,21.11,21.08,20.91,21.13,20.97,20.97,21.02,21.08,20.97,20.76,20.91,20.97,21.15,20.97,21.02,20.89,20.87,20.84,20.91,20.95,20.91,20.87,20.95,20.95,20.91,20.84,20.87,20.89,21.04,21.02,21.00,21.00,20.87,21.00,21.00,21.04,21.00,21.00,21.02,20.91,20.97,21.04,20.95,20.89,21.00,21.02,20.87,21.00,20.95,21.02,20.95,20.95,21.06,21.13,21.06,21.13,21.06,21.11,21.02,21.06,21.00,21.08,21.06,20.97,20.97,21.02,21.00,20.97,20.97,20.97,20.95,21.15,20.84,21.26,21.02,21.08,20.97,20.97,21.08,21.13,20.95,21.15,21.11,21.26,21.11,21.06,21.24,21.11,21.11,21.19,21.04,21.00,21.13,20.84,21.15,21.00,21.04,21.08,21.02,20.91,20.97,20.93,20.93,21.00,21.04,20.82,20.87,20.97,20.95,20.95,20.91,20.82,20.84,20.89,20.91,20.87,20.95,20.89,20.89,20.87,20.89,21.04,20.91,20.97,20.93,20.95,21.06,20.89,20.97,20.95,21.13,20.97,20.97,20.89,21.00,21.11,21.13,20.91,20.97,21.04
21.81,21.48,21.39,21.50,21.39,21.28,21.30,21.17,21.22,21.35,21.32,21.19,21.32,21.15,21.17,21.15,21.15,21.17,21.17,21.11,21.02,21.06,20.95,21.00,20.89,21.02,21.08,21.04,20.97,20.87,20.93,20.73,20.91,20.91,20.89,20.97,20.87,20.89,20.93,20.95,20.78,20.76,20.69,20.89,20.80,20.97,20.80,20.97,20.91,20.89,20.71,20.97,20.87,21.02,20.91,20.95,20.95,20.91,20.91,20.91,20.91,20.97,21.00,20.84,20.87,20.87,20.89,21.06,20.93,20.93,20.93,20.95,20.95,21.02,21.11,21.06,21.08,20.95,21.08,21.00,21.04,21.13,20.97,20.87,21.00,20.89,20.87,20.89,21.02,20.87,20.97,21.02,20.93,20.89,20.91,21.02,21.06,20.93,21.04,21.00,20.97,21.02,21.00,21.06,21.06,21.11,21.06,21.00,21.08,21.13,21.19,21.15,21.08,21.00,21.11,21.04,21.11,20.95,21.15,20.93,20.93,20.89,21.00,20.84,20.97,20.95,20.91,20.91,20.87,20.93,20.95,20.87,20.84,20.93,20.89,21.00,20.82,20.78,20.97,20.93,20.93,21.00,21.00,20.95,20.82,21.04,21.02,20.87,20.89,20.93,21.11,20.89,20.80,21.02,21.06,21.00,20.97,20.97,20.93,20.97
21.97,21.52,21.52,21.41,21.28,21.30,21.37,21.26,21.35,21.30,21.35,21.19,21.15,21.11,21.22,21.11,21.13,21.17,21.04,21.17,21.00,21.00,21.00,21.02,20.93,20.91,20.89,20.89,20.89,20.91,20.84,21.00,20.82,20.91,20.87,21.00,20.78,20.97,20.73,20.97,20.84,20.97,20.84,20.80,20.80,20.80,21.00,20.93,20.95,21.02,20.97,20.84,20.87,20.95,20.93,20.97,21.06,21.02,20.97,21.00,20.97,20.87,21.02,21.04,20.97,20.84,20.89,21.00,20.76,20.89,20.91,20.84,20.91,20.89,21.04,21.04,20.95,20.95,21.00,21.13,20.93,21.13,20.93,20.97,21.02,20.93,21.02,20.95,20.91,21.00,21.04,21.00,21.02,20.97,21.00,20.95,21.11,20.95,21.08,20.91,21.02,21.04,21.22,21.02,21.17,21.11,21.13,21.04,21.17,21.24,21.22,20.97,21.11,21.00,21.11,20.93,20.97,20.89,21.00,20.95,21.04,20.95,20.93,20.97,20.93,20.82,20.95,20.89,20.93,20.95,20.95,20.93,20.87,20.89,20.91,21.02,20.73,21.00,20.91,21.02,20.91,20.84,20.89,20.84,20.95,21.04,20.91,20.87,20.78,20.78,21.02,20.91,20.95,20.87,20.95,21.00,20.97,21.02,21.00,21.11
21.83,21.39,21.32,21.26,21.35,21.32,21.41,21.28,21.35,21.32,21.41,21.22,21.19,21.32,21.22,21.15,21.26,21.06,21.13,21.06,21.02,21.04,21.11,20.97,20.93,21.15,20.97,21.02,20.91,20.87,21.06,20.95,20.91,20.84,20.89,20.95,20.89,20.78,21.00,21.00,20.95,20.78,21.11,20.80,20.91,20.91,20.89,20.95,21.02,21.00,21.00,20.84,20.87,20.95,20.93,20.95,21.11,20.97,20.97,21.11,20.95,20.91,20.95,21.02,20.97,20.97,20.93,20.97,20.95,20.82,20.89,21.04,21.00,21.02,21.13,21.04,21.19,20.97,21.00,20.97,21.04,20.93,21.02,21.08,21.02,21.00,21.08,21.00,21.06,21.04,20.97,21.04,21.02,21.00,20.97,20.95,21.11,21.00,21.02,21.15,21.06,21.08,21.22,21.15,21.17,21.13,21.19,21.26,21.11,21.22,21.02,21.06,21.08,21.04,21.04,21.06,21.06,21.06,20.95,21.02,21.00,21.00,21.06,21.00,21.06,20.95,20.93,20.93,21.15,20.95,20.93,21.02,20.91,20.89,20.91,21.02,20.97,20.89,21.04,21.04,21.11,21.02,20.93,20.97,21.00,20.82,20.97,20.82,21.06,20.93,20.91,20.95,20.95,20.91,21.00,20.87,21.04,21.02,20.95,21.13
21.63,21.52,21.43,21.43,21.48,21.28,21.28,21.37,21.22,21.41,21.32,21.28,21.24,21.22,21.13,21.15,21.13,21.19,21.13,21.19,21.06,21.00,21.08,21.17,21.04,21.02,20.91,20.97,20.97,21.11,20.93,20.89,20.84,20.93,20.93,20.91,20.97,20.87,20.87,20.89,20.84,20.76,20.78,20.93,20.84,20.87,20.80,20.87,21.00,21.00,20.84,20.89,20.91,20.87,21.04,20.95,20.89,20.95,21.00,20.89,21.08,20.95,21.02,21.00,21.00,20.97,21.00,21.00,20.93,21.02,20.80,20.89,21.04,21.19,20.95,20.84,20.97,21.00,21.04,20.97,21.00,20.97,21.00,21.11,21.17,21.04,21.13,21.15,21.11,20.97,21.00,21.04,21.11,20.95,21.11,21.00,21.02,21.00,20.95,21.02,21.04,21.08,21.04,21.17,21.02,21.08,21.02,21.15,21.17,21.02,21.17,20.93,21.08,20.93,21.00,20.84,21.04,20.97,20.97,21.08,21.04,20.97,20.95,20.93,21.00,21.04,20.93,20.91,20.95,21.00,21.04,20.95,21.00,21.02,20.89,20.87,20.87,20.84,20.93,20.97,20.91,20.95,21.00,20.91,21.06,21.04,21.06,21.00,20.84,20.84,21.08,20.95,21.04,21.22,21.02,20.97,21.08,21.00,20.97,21.13
21.66,21.43,21.48,21.28,21.43,21.43,21.32,21.26,21.32,21.28,21.46,21.24,21.15,21.02,21.22,21.11,21.00,20.89,21.13,21.13,21.00,21.00,20.95,20.93,20.95,20.87,20.87,21.06,21.02,20.82,20.97,20.91,20.82,20.89,20.84,20.89,20.89,20.78,20.97,20.78,20.84,20.93,20.78,20.89,20.82,20.87,20.89,20.89,21.06,20.89,20.91,20.84,20.93,20.91,20.97,20.95,21.02,20.84,20.91,20.95,21.11,20.82,20.91,21.06,20.89,20.91,20.89,21.00,21.00,21.00,20.91,20.89,21.00,20.93,20.91,21.04,20.93,20.89,21.02,21.00,20.93,20.80,20.95,21.04,20.95,20.97,21.19,21.06,20.97,21.11,21.11,21.19,21.04,21.11,21.04,21.00,21.06,20.95,20.95,21.11,21.04,21.13,21.13,21.04,21.00,21.26,21.15,21.19,21.08,21.17,21.04,20.95,21.08,20.97,20.97,20.97,21.02,21.00,20.84,21.00,21.00,21.00,21.04,20.84,20.91,20.95,20.89,20.84,20.87,20.91,20.87,20.89,20.87,20.87,20.84,20.82,20.97,20.84,20.93,20.91,20.91,20.93,20.91,21.02,20.91,20.95,20.93,20.95,20.87,20.78,20.82,20.91,20.93,20.93,20.97,20.93,20.93,21.00,21.02,21.04
21.83,21.32,21.41,21.37,21.35,21.37,21.30,21.32,21.17,21.30,21.32,21.43,21.22,21.19,21.15,21.13,21.08,21.00,21.06,21.06,21.00,21.04,21.08,21.04,21.00,20.93,20.91,21.02,21.00,20.91,20.89,20.93,20.84,20.73,20.89,20.84,20.80,20.91,20.87,20.87,20.73,20.84,21.06,20.84,20.87,20.84,20.87,20.80,20.97,20.87,20.87,20.95,20.84,20.93,20.95,20.89,21.11,20.97,21.00,20.93,21.02,20.91,20.91,20.95,20.91,20.80,21.04,20.97,21.11,21.02,20.84,20.82,20.91,21.00,20.93,21.06,21.06,20.89,21.02,21.06,20.91,21.06,21.04,21.06,21.02,21.11,21.04,20.97,21.00,21.04,21.13,21.15,20.95,21.08,21.00,21.15,21.15,21.06,21.13,20.91,21.02,21.11,21.08,21.13,21.15,21.11,21.15,21.06,21.24,21.06,21.17,21.08,20.97,21.04,21.02,20.97,21.04,20.84,21.15,21.04,21.11,20.97,20.95,21.04,20.91,20.87,20.93,20.91,20.97,20.97,20.93,20.97,20.95,20.84,20.91,20.91,20.87,20.78,20.97,21.02,20.91,20.95,20.91,20.95,20.91,20.78,20.76,21.06,20.93,20.78,20.84,21.04,20.87,21.04,20.91,21.04,21.06,21.06,21.04,20.97
21.83,21.43,21.37,21.35,21.32,21.35,21.48,21.37,21.43,21.43,21.43,21.28,21.32,21.19,21.19,21.22,21.28,21.35,21.24,21.19,20.95,21.11,21.00,21.08,20.97,21.06,21.04,21.02,20.93,21.00,20.95,20.93,20.89,20.82,20.87,20.95,20.84,20.91,20.76,20.95,20.87,20.89,20.91,20.87,20.91,20.95,21.00,20.93,20.95,20.95,20.82,20.91,21.04,21.06,21.11,20.97,21.02,21.06,21.00,20.84,20.97,21.02,20.91,20.78,20.97,20.95,20.95,20.95,20.87,20.87,20.80,20.89,20.80,21.00,20.89,20.91,20.95,21.02,20.97,21.02,21.15,20.97,20.97,20.89,20.91,21.02,21.02,21.04,20.97,21.06,21.00,21.00,20.95,21.11,21.08,21.02,20.97,21.06,21.06,21.02,21.17,21.17,21.11,21.11,21.04,21.11,21.13,21.06,21.22,21.13,21.15,20.93,20.93,21.06,21.15,21.02,21.08,20.80,21.00,20.91,20.87,20.93,20.89,21.00,20.80,20.89,20.93,20.80,20.91,21.00,20.91,20.95,20.84,21.02,20.80,20.87,20.80,20.82,20.80,20.93,20.87,20.91,20.97,20.78,20.95,20.95,20.78,20.84,20.95,21.00,20.93,21.02,20.95,21.02,20.91,20.93,20.93,20.97,21.02,21.13
21.79,21.59,21.46,21.32,21.48,21.37,21.30,21.17,21.24,21.35,21.24,21.35,21.17,21.22,21.15,21.15,21.19,21.26,21.28,21.04,21.19,21.04,21.08,20.91,21.04,21.04,21.11,20.93,21.06,20.84,21.02,20.93,20.84,20.89,20.93,20.95,20.93,20.73,20.84,20.82,20.78,20.82,20.89,20.82,20.87,20.91,20.89,20.91,20.95,20.78,20.95,20.82,21.04,20.87,20.91,20.95,21.11,20.93,20.97,20.95,20.89,20.91,20.93,20.84,21.04,21.04,20.89,20.95,20.87,20.87,20.93,20.91,21.00,20.91,20.80,21.00,20.97,20.97,21.04,20.97,20.97,20.91,21.04,21.08,21.04,20.97,20.89,21.06,20.95,21.13,21.06,21.00,21.02,21.06,20.97,21.04,21.02,21.13,21.15,21.19,21.06,21.13,21.02,21.17,21.15,21.00,21.13,21.06,21.19,21.22,21.02,20.93,20.97,20.97,20.87,21.04,20.93,20.84,20.95,20.84,20.95,20.82,21.00,20.93,20.93,20.82,21.02,20.89,20.91,20.95,20.78,20.89,20.87,21.00,20.82,20.95,20.82,20.97,20.91,20.89,20.93,20.91,20.84,20.76,20.93,20.78,20.82,20.84,21.11,20.97,20.82,20.93,20.82,20.93,20.87,20.93,20.91,21.06,20.97,20.95
21.77,21.48,21.30,21.32,21.30,21.39,21.26,21.35,21.24,21.30,21.24,21.26,21.28,21.28,21.22,21.19,21.37,21.13,21.17,21.17,21.04,20.97,20.89,21.02,21.06,20.95,21.02,20.93,20.91,20.89,20.89,21.00,20.89,20.80,21.04,20.91,20.95,20.87,20.87,20.76,20.89,20.93,20.82,20.73,20.87,20.82,20.93,20.82,20.78,20.89,20.97,20.91,20.87,20.95,20.97,20.87,21.00,20.84,20.91,20.89,20.87,21.06,21.00,20.87,20.91,20.97,20.84,20.91,20.91,21.00,20.89,20.91,20.97,20.95,21.02,21.00,20.93,20.97,21.00,21.08,20.84,20.95,20.97,21.00,20.97,20.97,21.02,21.04,20.95,21.06,21.02,20.97,21.06,21.04,20.87,21.08,21.08,21.02,20.97,21.22,21.11,21.13,21.08,21.24,21.06,21.13,21.13,21.06,21.06,21.13,20.95,21.06,21.02,20.95,20.95,21.02,21.00,20.82,21.06,20.97,21.04,20.76,20.82,20.89,20.91,20.87,21.00,20.87,20.89,21.04,21.06,20.89,20.84,21.06,20.84,20.97,20.84,20.84,20.93,20.97,21.00,20.89,20.95,20.82,20.97,20.76,21.06,20.73,21.04,20.91,20.97,20.89,20.93,21.08,21.06,21.00,21.04,21.11,20.84,21.02
21.79,21.32,21.46,21.50,21.35,21.41,21.32,21.28,21.19,21.26,21.35,21.13,21.11,21.35,21.24,21.24,21.17,21.24,21.15,21.15,21.13,20.91,21.15,21.00,21.13,21.04,20.87,21.06,20.93,20.95,21.00,20.97,20.91,20.91,20.82,20.78,20.80,20.89,20.82,20.89,20.87,20.91,20.93,20.89,20.84,20.97,20.89,20.97,20.91,20.91,20.91,20.87,20.91,20.89,21.06,20.91,20.95,20.73,21.04,20.87,20.95,20.91,20.87,20.97,20.89,20.84,20.91,20.82,20.89,20.91,20.82,21.02,20.97,20.82,20.97,20.89,20.97,20.95,21.04,21.13,21.00,20.89,20.91,20.97,21.02,21.00,21.00,20.97,21.04,21.02,21.13,21.15,21.02,21.15,21.06,21.08,20.95,21.19,20.95,21.06,21.13,21.11,21.08,21.24,21.08,21.19,21.19,21.00,21.24,21.30,21.02,21.04,21.06,20.93,20.89,21.04,21.00,20.87,21.11,20.91,21.02,20.97,21.00,20.89,20.89,20.84,20.93,20.95,20.97,21.00,20.97,20.84,20.95,20.93,20.80,20.91,20.89,20.93,21.00,20.89,20.71,20.82,20.95,20.97,20.97,20.89,21.02,21.02,20.82,21.00,20.87,20.97,20.84,20.93,21.00,20.93,20.93,21.04,21.04,21.17
21.63,21.30,21.28,21.46,21.32,21.32,21.17,21.08,21.30,21.26,21.19,21.26,21.22,21.08,21.28,21.06,21.11,21.06,20.97,21.04,21.04,20.97,21.13,21.02,21.08,20.84,21.00,20.87,20.95,20.93,20.95,20.87,20.84,21.06,20.89,20.84,20.78,20.78,20.89,20.71,20.82,20.91,20.71,20.91,20.87,20.89,20.84,20.82,20.89,20.84,20.93,20.95,20.95,20.95,20.97,20.82,20.76,20.80,20.89,21.02,20.95,20.84,20.84,20.95,20.73,20.76,20.87,21.02,20.91,20.84,20.82,20.93,20.97,20.91,20.87,20.97,20.80,21.00,21.00,21.00,20.84,20.97,20.89,20.95,20.89,21.00,21.02,20.91,21.08,21.08,20.97,20.91,20.89,21.04,21.04,20.97,20.84,21.02,21.06,21.08,21.08,21.06,21.11,21.22,21.08,21.02,21.19,21.15,21.22,21.06,21.06,20.91,21.04,20.91,20.95,20.84,21.02,20.87,20.91,20.87,21.08,20.84,20.95,20.97,20.91,21.02,20.76,20.97,21.02,20.95,20.91,20.91,20.89,20.95,20.95,20.82,20.89,20.95,20.87,20.89,20.78,21.02,20.91,20.80,20.95,20.91,20.97,20.89,20.84,21.04,20.97,20.93,21.06,20.84,21.13,20.95,21.11,21.00,21.08,21.08
21.88,21.41,21.43,21.35,21.26,21.35,21.30,21.22,21.24,21.15,21.17,21.19,21.19,21.22,21.15,21.06,21.15,21.26,21.02,21.02,20.95,21.08,20.82,20.95,21.04,20.80,20.97,20.95,20.87,20.95,21.02,20.84,20.93,20.89,20.93,20.87,20.91,20.76,20.95,20.78,20.87,20.76,20.82,20.87,20.82,20.89,20.87,20.80,20.80,20.95,20.97,21.04,20.89,21.06,20.93,21.06,20.93,20.87,20.89,20.82,20.91,20.82,20.78,21.00,20.97,20.80,20.93,20.84,21.04,20.97,20.93,20.91,20.80,20.97,20.93,20.91,21.04,20.87,21.00,20.95,20.97,20.84,20.89,20.95,21.02,21.00,20.97,20.95,21.00,20.87,21.08,20.91,21.00,20.95,21.04,21.02,21.06,21.06,20.97,21.06,20.91,20.93,21.22,21.11,21.02,21.06,21.13,21.19,21.08,21.04,21.00,21.13,20.95,20.87,20.93,20.91,20.93,20.93,21.02,20.87,20.95,20.91,20.84,21.04,20.93,20.80,20.89,20.91,20.97,20.89,20.69,20.89,20.84,20.95,20.80,20.97,20.87,20.93,20.91,20.82,20.82,20.97,20.87,20.84,20.82,20.65,20.95,20.87,21.00,20.78,20.95,20.91,20.82,20.97,21.00,21.06,20.89,21.02,21.00,20.95
21.94,21.41,21.52,21.35,21.32,21.22,21.30,21.39,21.43,21.28,21.17,21.26,21.24,21.13,21.22,21.13,21.17,21.13,21.19,21.13,21.13,21.08,21.22,21.15,20.97,20.84,20.97,20.93,21.00,20.97,21.00,21.00,20.95,20.87,20.84,20.80,20.82,20.82,20.89,20.91,20.80,20.89,20.87,20.95,20.87,20.97,20.87,20.84,20.89,21.00,20.80,21.00,20.89,21.02,20.89,20.91,21.11,20.69,20.82,20.80,20.89,20.93,20.71,20.91,20.84,20.87,20.89,20.82,20.91,20.91,20.95,21.00,20.95,20.91,20.97,20.97,20.93,21.00,21.13,21.02,20.93,20.89,20.91,20.97,21.02,20.97,21.06,20.93,20.97,21.02,21.08,21.04,21.00,21.00,21.11,21.04,20.93,21.13,21.08,21.06,21.06,21.26,21.15,21.06,21.11,20.97,21.24,21.04,21.00,21.06,21.00,21.13,21.13,20.91,21.06,20.91,21.02,20.84,20.95,21.04,21.02,20.78,21.06,20.91,21.00,20.87,21.00,20.87,21.00,21.02,20.91,21.00,21.04,20.89,20.91,21.00,20.84,20.87,20.87,20.97,20.91,20.82,20.82,20.87,20.73,20.87,20.87,20.97,21.04,20.89,21.08,20.95,20.95,21.06,21.06,20.89,20.97,21.06,21.00,20.93
21.94,21.35,21.35,21.30,21.17,21.37,21.26,21.32,21.35,21.30,21.19,21.11,21.26,21.28,21.26,21.19,21.11,21.11,21.06,21.08,21.11,20.93,21.17,21.00,21.02,20.91,20.87,21.04,21.02,20.93,21.00,20.91,20.97,21.08,20.91,20.95,20.87,20.80,20.95,20.78,20.87,20.93,20.80,20.82,20.95,21.00,20.93,21.06,20.93,20.82,20.95,20.93,20.95,21.11,21.04,20.89,21.04,20.93,21.02,20.80,21.02,20.87,20.78,20.87,20.93,20.91,20.84,21.00,20.95,20.95,20.93,20.97,20.95,20.97,20.95,20.93,21.00,21.04,21.04,21.08,21.04,20.89,20.93,20.97,20.93,20.97,21.06,21.13,21.13,21.11,21.08,21.02,21.04,21.04,20.95,21.02,21.02,21.08,21.04,21.15,20.97,21.22,21.08,21.06,21.06,21.04,21.02,20.97,20.93,21.08,20.97,20.97,20.97,20.95,20.95,21.00,21.15,20.93,21.11,21.15,21.06,21.06,20.97,20.93,20.93,20.87,21.04,20.93,20.93,21.02,20.87,20.97,21.00,20.91,21.00,21.02,21.06,20.87,20.97,20.87,20.97,20.87,20.93,20.73,20.97,20.97,21.06,20.91,20.82,21.00,20.95,20.93,20.95,20.82,21.06,21.02,21.00,21.17,20.97,21.08
21.86,21.39,21.55,21.46,21.32,21.32,21.28,21.11,21.19,21.28,21.26,21.39,21.39,21.19,21.13,21.15,21.08,21.17,21.06,21.15,21.19,21.11,21.06,21.11,21.11,21.11,21.02,20.93,21.08,20.89,20.87,20.80,21.02,20.91,20.93,20.95,20.71,20.89,20.93,20.93,20.84,20.89,20.95,20.93,20.82,20.76,20.89,21.04,20.93,20.91,20.91,20.95,20.91,20.87,21.04,20.95,20.82,20.87,21.02,20.91,20.91,20.89,20.87,20.95,20.95,20.82,20.76,20.89,20.87,20.80,20.84,20.97,20.95,20.97,20.91,20.91,20.95,20.93,21.04,21.19,21.00,20.82,20.97,20.97,21.04,21.00,21.02,21.08,20.93,21.00,21.19,21.08,21.06,21.08,21.11,21.06,20.95,21.00,21.00,21.06,21.08,21.11,21.17,21.17,20.93,21.00,21.15,21.00,21.02,21.00,21.00,21.08,20.93,20.91,20.97,21.02,21.04,20.95,20.93,21.02,21.06,20.87,20.84,21.00,20.91,20.84,20.87,20.93,21.06,20.95,20.93,20.97,20.89,20.97,20.82,21.00,21.06,20.97,20.95,21.08,20.93,20.89,20.87,20.84,21.04,21.00,20.97,20.91,20.87,20.84,21.06,21.04,21.04,20.84,21.08,21.06,21.04,20.95,20.93,20.87
21.81,21.46,21.46,21.37,21.30,21.22,21.19,21.30,21.19,21.26,21.26,21.17,21.26,21.22,21.06,21.11,21.17,21.06,21.11,21.04,21.06,21.11,21.00,21.06,21.11,20.76,21.06,20.84,20.89,21.04,21.11,20.80,20.89,20.89,20.91,20.93,20.93,20.80,20.95,20.80,20.78,20.69,20.84,20.80,20.82,20.84,20.89,20.84,20.93,20.82,20.89,20.87,20.89,21.02,20.91,20.91,20.82,20.91,20.91,20.87,20.89,20.93,20.87,20.91,20.84,20.84,20.84,20.91,21.00,20.95,20.89,20.89,20.91,20.89,20.89,20.97,20.97,20.97,21.06,21.04,20.93,20.84,20.91,21.06,20.95,21.02,21.00,20.84,21.00,21.11,21.13,21.00,20.97,21.04,21.15,20.91,20.93,20.93,21.11,21.08,20.97,20.97,21.11,21.04,21.00,21.04,21.06,20.84,20.95,20.95,20.93,20.89,20.95,20.89,20.91,20.82,21.06,20.80,21.02,20.93,21.06,20.82,20.87,20.95,20.89,20.87,20.95,20.91,20.91,21.04,20.84,20.89,20.87,20.95,20.84,20.89,20.87,21.02,21.19,20.89,20.89,20.87,20.87,20.95,20.91,20.95,20.93,21.00,20.69,20.82,20.95,21.13,20.58,20.91,21.02,21.06,21.06,20.91,20.80,20.97
21.86,21.43,21.32,21.43,21.46,21.30,21.22,21.30,21.17,21.35,21.35,21.28,21.28,21.30,21.13,21.11,21.24,21.17,21.15,21.00,21.06,21.04,21.00,21.02,20.91,20.97,21.08,21.06,20.97,21.02,20.95,20.95,20.97,20.87,20.87,20.87,20.89,20.84,20.80,20.67,20.80,20.78,20.80,20.91,20.95,21.02,21.00,20.97,20.87,20.97,21.00,20.95,21.08,21.02,20.95,20.95,20.95,20.84,20.97,20.91,20.89,20.97,20.93,20.95,20.91,20.80,21.02,20.91,20.95,20.84,20.89,20.87,20.84,20.95,21.00,20.87,21.00,20.93,21.06,20.97,21.04,20.95,20.91,21.04,21.13,20.95,21.00,20.89,21.06,21.08,21.02,21.02,21.08,21.13,21.02,21.00,21.02,20.97,20.89,20.95,21.06,21.08,21.00,20.91,21.00,20.93,21.04,21.00,20.95,20.87,20.97,21.00,20.93,20.80,20.87,20.89,21.06,20.82,20.84,20.87,20.97,20.78,20.93,20.91,20.78,20.91,20.87,20.91,20.82,21.04,20.97,20.95,21.08,21.08,20.80,21.11,20.93,20.95,21.02,20.91,20.97,20.80,20.89,20.89,20.89,20.89,20.97,21.04,20.80,21.00,20.91,20.93,21.04,21.02,20.95,21.00,21.00,20.93,21.30,21.06
21.77,21.24,21.32,21.35,21.28,21.28,21.28,21.26,21.35,21.15,21.30,21.24,21.13,21.17,21.15,21.11,21.11,21.13,21.11,21.19,21.08,21.00,20.84,21.02,20.95,20.95,20.89,20.91,20.89,20.93,20.95,20.78,21.02,20.93,20.95,20.69,20.89,20.80,20.78,20.69,20.87,20.87,20.84,20.89,20.82,20.78,21.04,20.95,20.93,20.78,20.80,20.76,21.04,21.04,20.95,21.00,20.87,21.06,20.84,21.00,20.93,20.82,20.80,20.76,20.93,20.78,20.89,20.84,20.87,20.91,20.89,20.80,20.89,21.00,21.06,20.95,21.06,20.87,20.89,20.93,20.97,21.15,20.97,20.95,20.95,20.91,20.95,20.84,21.00,21.11,21.11,21.04,20.93,20.97,21.02,20.84,21.00,21.04,20.97,20.97,20.91,21.08,21.06,20.87,20.93,20.89,20.91,20.93,20.91,20.78,21.00,20.93,20.84,20.82,20.76,20.87,20.89,20.93,20.84,20.73,20.82,20.87,20.78,20.82,20.87,20.82,20.76,20.87,20.82,20.93,20.93,20.97,20.95,20.97,20.80,20.87,20.95,21.00,20.91,20.93,21.02,20.91,20.76,20.87,21.06,20.97,21.08,20.84,21.00,20.91,21.00,20.84,21.00,20.93,20.84,20.87,20.84,20.87,20.91,21.06
21.66,21.35,21.41,21.39,21.46,21.28,21.41,21.32,21.30,21.24,21.30,21.48,21.22,21.22,21.15,21.11,21.22,21.15,21.17,21.19,21.11,21.00,21.13,21.02,21.00,21.06,20.97,20.87,21.02,20.91,20.97,21.00,21.08,21.00,20.93,20.89,20.95,20.91,20.82,20.87,20.80,20.84,20.93,20.84,20.84,21.00,20.93,20.97,20.82,20.91,20.95,20.91,21.00,20.95,20.87,21.08,20.91,20.76,20.95,20.87,21.06,20.84,20.87,20.89,20.84,20.82,20.93,20.95,21.02,20.91,20.84,20.89,20.97,20.91,20.97,20.93,20.93,20.89,20.97,20.89,20.93,20.91,20.95,20.97,20.93,20.93,21.02,21.00,20.95,21.19,21.02,21.08,20.97,21.15,21.00,21.00,20.93,20.95,20.97,20.84,21.02,21.08,20.89,20.97,20.93,20.95,20.91,20.89,20.95,20.78,21.00,20.93,20.89,20.82,20.76,20.89,21.00,20.80,20.97,20.76,20.82,20.93,20.84,21.06,20.89,20.95,20.93,20.87,20.91,21.00,20.84,20.91,20.82,21.08,20.87,20.93,20.95,20.84,21.08,21.00,20.89,20.91,20.97,21.00,21.13,21.08,20.91,20.93,20.97,20.84,21.04,21.00,20.97,21.11,21.00,20.87,21.08,21.00,20.87,20.87
21.70,21.35,21.43,21.32,21.30,21.24,21.24,21.26,21.39,21.39,21.39,21.26,21.08,21.11,21.17,21.00,21.11,21.15,21.17,21.11,21.04,21.08,20.97,21.02,21.00,20.97,20.97,20.95,20.80,20.97,21.00,20.93,20.89,21.00,20.89,20.78,20.87,20.76,20.82,20.73,20.84,20.87,20.80,20.76,21.00,20.82,20.84,20.80,20.87,20.93,20.95,20.87,20.93,20.91,21.04,21.06,20.95,20.89,21.06,20.93,20.93,20.80,20.89,20.82,20.84,20.97,20.78,20.91,20.93,20.97,20.87,20.91,20.84,20.97,20.89,20.89,20.87,20.82,20.97,21.06,20.84,21.02,21.00,21.00,20.97,21.00,21.02,21.04,20.95,21.04,21.04,21.04,21.15,21.04,20.97,20.97,20.97,20.93,20.97,20.93,20.93,20.95,20.93,20.93,20.91,20.97,20.93,20.91,20.91,20.84,20.89,20.80,20.84,20.73,20.82,20.82,20.80,20.80,20.97,20.71,20.93,20.93,20.89,20.89,20.76,20.84,20.87,20.78,20.89,20.93,20.84,20.95,21.00,21.02,21.00,20.93,20.97,20.82,20.93,20.80,20.91,20.87,20.93,20.76,21.08,20.97,20.97,21.00,20.95,20.93,20.87,21.08,20.89,20.95,21.02,20.87,20.95,20.95,21.00,21.02
21.83,21.19,21.37,21.39,21.37,21.39,21.32,21.32,21.30,21.28,21.32,21.19,21.24,21.32,21.13,21.04,21.22,21.13,21.08,21.15,21.22,20.89,21.04,21.00,21.02,21.06,21.06,20.91,20.91,20.91,20.97,21.02,20.89,20.87,20.89,20.78,20.95,20.91,20.91,20.89,20.82,20.82,20.93,20.80,20.87,20.80,21.00,20.91,20.84,20.89,21.02,21.02,21.00,20.93,20.95,20.93,20.89,20.95,20.87,20.91,20.93,20.97,20.89,20.95,20.89,20.95,20.93,20.93,20.87,20.87,20.91,20.89,20.95,20.91,21.02,20.87,20.91,20.95,20.97,20.93,21.02,20.95,20.95,21.00,21.04,20.95,20.97,21.04,21.06,21.02,21.02,21.08,21.02,21.00,20.93,20.93,20.93,21.11,20.91,21.02,21.00,21.02,21.04,20.91,21.00,20.95,20.87,20.95,20.89,20.82,20.87,20.82,20.60,20.84,20.89,20.69,20.91,20.73,20.89,20.84,20.91,20.76,20.78,20.89,20.89,20.84,20.87,20.91,20.95,20.82,20.89,20.95,20.93,21.04,20.97,20.91,21.04,21.06,21.02,21.02,21.02,21.02,20.80,20.84,21.22,20.89,21.04,20.84,21.02,20.84,21.02,20.91,20.91,20.97,20.97,21.00,20.95,21.13,20.87,21.11
21.59,21.57,21.28,21.39,21.41,21.30,21.43,21.28,21.30,21.37,21.37,21.26,21.55,21.13,21.19,21.22,21.04,21.19,21.28,21.15,21.08,21.06,21.04,21.11,21.00,20.97,21.00,21.04,20.93,21.06,21.08,20.87,20.87,21.02,20.89,20.91,20.71,20.84,20.93,20.84,20.93,20.87,20.91,20.80,20.87,20.89,21.02,20.97,21.00,20.80,20.89,21.04,20.93,20.95,20.97,20.87,20.80,20.93,20.87,21.00,20.87,20.73,20.71,20.89,20.87,20.91,20.97,20.97,21.02,21.02,21.04,21.02,20.87,21.04,20.87,20.97,20.89,21.00,21.06,20.97,21.00,20.87,20.87,21.06,20.95,20.97,20.95,21.04,21.11,21.04,21.11,21.15,20.95,20.95,20.97,20.97,21.13,20.93,21.04,20.87,20.95,20.97,20.97,21.02,21.06,20.91,20.93,20.89,20.91,20.76,20.91,20.82,20.80,20.71,20.69,20.84,20.69,20.78,20.84,20.73,20.89,20.71,20.78,20.82,20.87,20.78,21.00,20.89,20.80,20.89,20.95,20.84,20.87,20.91,20.91,21.00,20.91,21.00,20.84,21.00,21.08,20.95,21.04,20.89,20.93,20.93,21.00,20.91,20.91,21.02,21.02,21.00,20.97,21.02,21.00,20.97,21.08,21.11,20.97,21.04
21.70,21.37,21.43,21.32,21.28,21.30,21.24,21.50,21.28,21.13,21.32,21.28,21.17,21.17,21.24,21.02,21.17,21.19,21.13,21.13,21.06,21.04,21.00,21.06,20.84,20.97,20.87,21.02,20.91,20.91,20.95,21.00,20.78,20.89,20.91,20.80,20.76,20.84,20.84,20.87,20.89,20.80,20.82,20.78,20.76,20.80,20.80,20.93,21.00,21.00,20.91,20.91,20.91,20.84,20.95,20.93,20.93,20.93,20.89,20.97,20.82,20.87,20.84,20.91,20.82,20.87,20.91,20.93,20.93,20.80,20.89,20.97,20.97,20.80,20.95,20.91,20.87,20.97,20.97,20.93,20.93,20.89,20.97,21.06,20.91,20.97,21.08,20.93,21.06,21.08,21.02,21.13,21.00,21.08,20.87,20.84,20.89,20.87,20.91,20.82,20.89,20.95,20.78,20.89,20.82,21.06,20.93,20.91,20.89,20.84,20.71,20.76,20.69,20.69,20.67,20.71,20.69,20.67,20.62,20.73,20.80,20.76,20.82,20.78,20.89,20.82,20.84,20.89,20.84,21.06,20.93,20.91,20.84,20.95,20.91,20.91,20.87,20.91,21.00,20.89,20.93,20.95,20.97,21.13,20.87,20.93,20.97,20.84,21.04,21.06,20.93,21.08,20.97,21.00,20.91,20.91,20.84,20.87,20.95,21.02
21.79,21.41,21.50,21.48,21.35,21.39,21.35,21.43,21.32,21.26,21.37,21.35,21.37,21.24,21.15,21.22,21.11,21.24,21.06,21.06,21.06,21.04,21.06,20.89,21.08,20.97,21.04,21.11,20.82,20.95,20.89,21.04,20.93,20.93,20.91,20.82,21.00,20.84,20.95,20.93,20.91,20.89,20.82,20.82,20.84,20.91,20.87,20.87,21.04,21.08,20.95,21.04,20.97,21.04,20.93,21.06,21.04,20.91,21.02,20.89,21.11,20.97,20.91,20.76,21.06,20.80,20.93,21.06,20.97,21.00,20.95,21.08,21.00,20.97,21.02,20.97,20.84,21.04,20.97,20.93,21.15,21.08,20.93,20.95,21.13,20.95,21.11,21.00,21.04,21.06,21.08,21.15,21.06,21.04,21.04,20.95,20.84,20.84,20.84,20.89,20.95,21.04,20.80,20.91,20.93,20.80,20.91,20.89,20.91,20.76,20.73,20.82,20.78,20.71,20.91,20.73,20.80,20.76,20.84,20.84,20.80,20.76,20.84,20.80,20.87,20.78,21.02,20.84,20.91,20.87,20.80,20.97,20.87,21.04,21.00,21.08,21.06,20.97,21.02,20.93,21.00,20.95,20.93,21.06,20.89,20.95,21.06,20.97,21.00,20.97,21.11,21.22,21.06,20.89,20.80,20.84,21.00,20.93,21.15,21.00
21.97,21.57,21.43,21.48,21.30,21.43,21.30,21.15,21.17,21.28,21.30,21.28,21.37,21.28,21.19,21.22,21.11,21.06,21.02,21.06,21.08,21.17,21.02,21.00,21.00,21.06,20.97,20.91,20.95,21.04,20.97,20.80,20.91,20.89,20.82,20.80,20.82,20.84,20.76,20.82,20.84,20.84,20.78,20.93,20.84,20.76,20.87,20.95,20.97,21.15,20.91,20.97,21.02,20.93,20.95,20.95,20.97,21.00,20.82,20.91,20.87,20.89,21.00,20.89,20.87,20.87,20.93,20.91,20.95,20.95,20.97,20.91,20.93,20.95,20.89,21.06,20.95,20.95,21.11,20.91,21.06,20.95,20.91,21.00,20.91,21.00,20.91,20.97,21.08,20.97,21.02,21.02,20.80,21.02,20.84,21.04,20.84,20.80,20.93,20.78,21.06,21.02,20.89,20.82,20.80,20.76,20.82,20.67,20.65,20.62,20.73,20.73,20.69,20.80,20.78,20.47,20.65,20.62,20.76,20.69,20.78,20.76,20.73,20.78,20.93,20.76,20.80,20.69,20.91,20.89,20.78,20.97,21.04,20.91,20.89,20.93,20.82,21.04,20.93,20.89,20.97,20.82,21.02,20.97,20.93,20.93,21.06,20.97,20.91,21.02,20.93,20.95,21.02,20.87,21.02,20.82,20.91,20.93,21.06,20.93
22.03,21.57,21.48,21.48,21.22,21.32,21.37,21.37,21.22,21.24,21.37,21.32,21.26,21.22,21.19,21.13,21.19,21.15,21.15,21.08,21.02,21.02,21.08,21.11,21.00,20.91,21.04,20.95,20.95,21.00,20.93,20.87,20.84,21.06,21.04,20.93,20.97,20.97,20.89,20.82,20.89,20.89,20.84,20.80,20.82,20.89,20.80,20.89,21.13,21.13,20.93,21.00,21.02,21.00,21.06,20.93,20.91,20.95,20.95,20.89,20.95,20.82,20.84,20.84,20.91,20.95,20.71,20.91,20.84,20.91,20.93,20.95,20.84,21.00,20.97,20.89,21.00,21.02,21.02,21.11,21.04,21.13,21.04,20.89,20.95,21.02,20.97,21.02,20.93,21.02,21.08,21.04,21.08,21.00,21.02,20.89,20.97,20.71,20.82,20.84,20.97,20.95,20.89,20.76,20.76,20.87,20.82,20.82,20.71,20.73,20.73,20.76,20.58,20.65,20.51,20.51,20.78,20.67,20.62,20.93,20.87,20.62,20.93,20.82,20.76,20.82,20.76,20.95,20.80,20.91,20.87,20.95,20.95,20.91,20.93,20.87,20.93,20.97,20.95,21.00,20.91,21.13,20.95,20.76,21.08,21.04,21.02,20.95,21.00,21.04,20.97,21.04,21.11,21.02,20.91,20.93,21.15,20.97,20.91,21.02
21.77,21.50,21.43,21.50,21.37,21.15,21.22,21.17,21.32,21.39,21.37,21.24,21.28,21.17,21.15,21.15,21.17,21.13,21.13,21.04,21.06,20.89,21.02,21.02,20.97,21.00,20.91,20.89,20.84,20.95,21.02,20.95,20.93,21.00,20.97,20.87,20.82,20.97,20.93,20.84,20.91,20.87,20.78,20.67,20.89,20.87,20.91,21.02,21.11,20.89,21.02,20.84,20.80,20.93,20.89,20.93,20.93,21.00,20.93,21.00,20.73,20.89,20.95,20.97,20.84,20.78,20.78,20.89,20.84,20.93,20.97,20.89,21.04,20.91,21.06,20.91,20.91,20.97,20.95,20.93,20.95,20.97,20.82,21.06,20.91,20.97,20.91,20.89,21.02,21.02,20.97,20.97,21.00,21.00,20.97,20.89,20.87,20.91,20.80,20.84,20.80,20.84,20.80,20.84,20.80,20.78,20.87,20.76,20.82,20.69,20.71,20.67,20.65,20.60,20.67,20.60,20.65,20.76,20.82,20.76,20.78,20.73,20.67,20.73,20.82,20.82,20.78,20.78,20.78,20.97,20.95,21.08,20.93,21.00,20.84,20.95,20.84,20.89,21.06,21.04,21.00,21.04,20.89,20.93,21.00,21.06,20.89,20.89,20.95,20.91,21.02,21.02,21.04,21.15,20.87,20.97,20.97,21.06,20.76,21.02
21.75,21.55,21.24,21.50,21.46,21.35,21.28,21.30,21.26,21.15,21.24,21.37,21.26,21.30,21.22,21.22,21.15,21.19,21.15,21.02,21.08,20.95,21.15,20.97,20.93,20.95,20.97,21.02,20.87,20.93,21.00,21.08,21.06,21.00,20.84,20.93,20.87,20.87,20.87,20.89,20.87,20.80,21.00,20.91,20.78,20.89,20.89,20.95,20.87,21.02,20.91,21.00,20.89,20.89,21.06,20.93,21.06,20.97,20.91,20.93,21.04,20.84,20.93,20.80,20.84,20.95,20.89,20.95,20.89,20.97,21.04,20.91,20.80,20.93,20.84,20.95,20.89,21.00,21.00,20.97,21.04,21.04,20.97,20.87,20.93,21.13,20.84,20.97,21.11,21.13,21.02,21.02,21.06,20.89,21.00,20.93,20.93,20.84,20.76,20.89,20.84,20.87,20.89,20.91,20.67,20.67,20.78,20.80,20.71,20.62,20.76,20.51,20.69,20.60,20.65,20.51,20.65,20.67,20.73,20.76,20.95,20.73,20.80,20.80,20.84,20.84,20.87,20.80,20.93,20.91,20.84,20.95,20.91,20.84,20.95,21.06,20.95,20.93,21.04,20.93,21.04,20.95,20.97,21.06,20.97,20.97,21.02,20.91,21.06,21.00,21.06,21.02,20.93,21.00,21.00,20.78,20.95,21.00,21.08,21.06
21.92,21.48,21.43,21.46,21.22,21.52,21.46,21.30,21.32,21.30,21.32,21.24,21.24,21.19,21.28,21.22,21.24,21.17,21.08,21.11,21.00,20.97,20.95,21.17,21.06,21.06,20.97,20.84,20.89,20.89,21.04,20.87,21.13,20.93,20.91,20.97,21.04,20.87,20.93,20.84,20.84,20.78,20.95,20.89,20.87,20.97,21.00,20.84,20.89,21.00,21.00,21.02,21.00,21.02,20.84,20.93,21.08,20.87,20.93,20.91,20.93,20.82,20.80,20.91,21.02,20.87,20.93,20.95,20.89,21.00,20.97,20.84,21.02,20.93,20.93,20.87,20.93,21.00,20.87,21.02,21.02,20.89,21.08,21.04,21.11,21.02,20.89,20.95,21.06,21.02,20.82,21.02,20.93,21.02,20.91,20.82,21.02,20.76,20.91,20.84,20.78,20.89,20.80,20.65,20.73,20.80,20.69,20.69,20.60,20.69,20.76,20.58,20.53,20.49,20.76,20.67,20.69,20.62,20.69,20.80,20.71,20.82,20.71,20.82,20.89,20.91,20.84,20.80,20.87,20.89,20.91,21.00,21.02,20.95,20.93,21.11,20.93,20.78,21.06,21.13,21.06,21.04,20.84,21.00,21.00,20.91,20.89,20.97,20.80,20.95,20.97,20.89,21.11,21.04,21.02,21.00,21.00,20.91,20.93,21.11
21.79,21.37,21.50,21.28,21.50,21.39,21.22,21.28,21.15,21.26,21.28,21.30,21.26,21.17,21.22,21.13,21.17,21.22,21.08,21.06,20.97,20.97,21.00,20.91,20.89,20.93,21.08,20.87,20.91,20.80,20.84,20.91,20.87,20.84,20.91,20.93,20.91,20.87,21.00,20.87,21.00,20.87,20.89,20.89,20.84,20.91,20.95,20.95,20.93,21.13,21.00,20.91,21.06,21.04,21.02,20.93,21.02,20.84,20.93,20.89,20.91,20.97,20.84,20.87,20.93,20.91,21.06,20.87,20.82,20.87,20.93,20.97,20.91,20.95,21.00,21.04,21.06,20.93,20.97,20.87,20.97,21.00,21.04,21.08,20.95,21.04,21.00,21.08,20.95,20.93,20.87,20.95,20.91,21.06,21.02,20.87,20.91,20.80,20.93,20.84,20.80,20.84,20.76,20.78,20.71,20.53,20.58,20.76,20.56,20.53,20.62,20.53,20.51,20.60,20.60,20.53,20.71,20.60,20.76,20.65,20.71,20.71,20.82,20.76,20.82,20.80,20.82,20.87,20.89,20.87,21.00,21.00,20.97,20.80,20.87,21.00,20.89,20.95,21.02,21.00,20.91,20.89,21.00,21.08,21.17,20.89,20.89,21.06,21.04,21.02,20.97,20.95,21.06,21.04,20.93,21.11,21.00,21.06,21.04,20.89
21.92,21.55,21.48,21.35,21.35,21.43,21.24,21.26,21.24,21.19,21.28,21.26,21.30,21.19,21.22,21.28,21.19,21.15,21.17,21.02,21.00,21.11,21.02,21.00,21.02,20.93,21.00,21.00,20.93,20.95,21.00,20.93,21.06,20.84,20.97,20.89,20.93,20.80,20.91,20.93,20.95,20.95,20.91,20.80,20.89,20.95,20.80,20.97,20.91,20.89,21.02,20.97,20.91,20.91,20.97,20.89,20.93,20.91,20.95,21.00,20.95,20.95,20.89,20.91,20.91,20.84,20.89,20.89,20.87,20.89,20.84,21.06,20.87,20.93,21.00,21.08,20.93,21.02,21.04,21.06,21.04,21.11,20.91,21.02,20.93,20.97,20.95,20.84,21.02,20.93,21.00,20.97,20.89,20.87,20.91,20.87,20.87,20.73,20.78,20.82,20.78,20.84,20.87,20.89,20.65,20.65,20.67,20.65,20.62,20.47,20.65,20.51,20.65,20.62,20.60,20.62,20.69,20.56,20.73,20.71,20.67,20.80,20.84,20.87,20.84,20.76,20.76,20.78,20.93,20.89,21.06,20.89,20.89,21.04,21.00,20.97,20.89,21.00,21.00,21.00,21.00,20.93,21.08,21.02,21.11,21.13,21.13,21.00,21.11,20.87,20.89,20.95,21.11,21.04,21.02,21.04,21.15,21.08,21.13,21.11
21.77,21.46,21.35,21.43,21.39,21.28,21.13,21.37,21.30,21.39,21.35,21.24,21.11,21.26,21.17,21.26,21.13,21.08,21.17,21.08,21.19,21.06,21.08,21.06,21.00,20.97,20.91,20.97,20.84,20.95,21.11,20.87,21.04,20.91,20.87,20.84,21.13,20.87,21.04,21.04,21.00,20.97,20.97,20.93,20.93,20.97,20.89,21.00,21.02,21.02,21.08,20.95,21.02,20.89,21.06,20.87,20.93,20.89,21.04,20.95,20.97,20.95,20.91,20.95,20.95,20.89,20.84,21.00,20.95,21.13,20.93,20.87,21.00,21.02,21.02,20.97,20.93,20.97,21.15,21.13,21.02,21.11,20.97,21.04,20.97,20.95,20.93,21.00,21.02,21.08,21.06,21.08,20.95,20.93,20.93,20.91,20.87,20.87,20.93,20.80,20.82,20.80,20.73,20.67,20.73,20.76,20.53,20.65,20.71,20.60,20.76,20.51,20.58,20.60,20.62,20.65,20.69,20.65,20.80,20.73,20.84,20.76,20.89,20.93,20.89,20.89,20.82,20.89,20.93,20.95,21.08,21.15,20.89,21.11,21.06,20.84,21.06,21.04,21.17,21.00,21.08,20.93,20.97,21.11,21.11,20.91,21.08,21.00,20.87,21.02,20.93,20.95,20.84,21.00,21.15,20.97,20.93,21.06,21.11,20.84
21.83,21.55,21.35,21.43,21.37,21.48,21.37,21.48,21.26,21.28,21.37,21.26,21.43,21.30,21.11,21.04,21.15,21.15,21.11,21.02,21.17,21.06,21.02,21.13,21.06,20.89,21.00,20.84,20.97,21.06,20.93,20.89,20.91,20.78,20.97,20.80,20.87,20.78,20.89,20.89,20.91,20.80,20.89,20.82,21.00,20.89,20.84,20.87,20.95,20.89,20.95,20.97,20.91,20.91,20.91,20.89,21.00,20.89,20.91,20.84,20.97,20.91,20.93,20.91,20.89,20.89,20.91,20.97,20.87,20.82,20.91,21.02,21.00,21.13,21.02,20.89,20.91,20.95,21.11,21.15,20.93,20.95,21.02,20.95,21.02,20.93,21.00,20.82,20.95,20.97,21.04,21.00,21.11,21.04,20.84,20.76,20.82,20.82,20.82,20.82,20.71,20.78,20.84,20.73,20.53,20.60,20.58,20.56,20.44,20.51,20.60,20.40,20.58,20.65,20.69,20.56,20.69,20.49,20.58,20.73,20.84,20.76,20.84,20.84,20.78,20.84,20.95,20.80,20.91,21.00,20.87,20.91,20.78,20.93,21.02,20.93,20.91,21.04,20.91,21.00,20.80,20.93,20.97,20.93,21.08,21.02,21.15,20.93,20.93,21.02,21.02,20.97,21.02,21.04,21.15,20.95,21.11,20.93,21.06,20.93
21.79,21.43,21.41,21.46,21.50,21.46,21.50,21.41,21.28,21.35,21.28,21.52,21.28,21.19,21.08,21.06,21.22,21.19,21.13,21.13,21.17,21.04,21.11,21.08,21.02,21.04,21.04,21.11,20.97,21.00,21.02,20.97,20.93,20.84,21.00,20.93,20.93,20.93,21.02,20.91,20.87,20.87,21.00,20.87,20.76,20.95,21.02,21.04,21.08,21.06,20.97,20.97,21.02,21.02,21.02,20.84,20.97,20.91,20.95,21.08,21.02,20.95,20.91,20.91,20.91,20.87,20.91,21.02,20.87,21.04,20.80,20.95,21.08,21.00,21.08,20.95,21.02,21.02,21.00,21.04,20.97,20.95,20.95,20.95,21.13,21.02,21.00,21.11,20.91,21.04,21.02,21.11,20.93,20.89,20.95,20.84,20.76,20.78,20.84,20.73,20.82,20.73,20.71,20.71,20.65,20.67,20.60,20.40,20.65,20.56,20.65,20.58,20.58,20.51,20.53,20.73,20.80,20.69,20.82,20.80,20.91,20.78,20.76,20.76,21.02,20.84,20.95,20.82,21.04,20.95,21.00,20.91,20.84,21.06,20.97,20.89,20.95,20.95,20.91,21.02,21.02,21.00,20.93,20.93,21.04,21.06,20.97,21.00,21.00,20.87,20.89,20.91,21.02,21.06,20.95,21.02,20.95,21.04,21.00,21.13
21.88,21.48,21.52,21.32,21.37,21.24,21.28,21.32,21.37,21.32,21.26,21.35,21.22,21.15,20.97,21.15,21.17,21.22,21.08,21.19,21.06,21.08,21.02,21.06,20.84,20.97,21.02,20.93,20.91,20.91,20.87,20.82,20.89,20.91,20.87,20.89,20.82,20.73,20.78,20.91,20.82,20.97,20.93,20.73,20.82,20.87,20.91,20.95,21.13,21.11,21.02,20.91,21.00,20.87,20.89,20.80,21.04,20.87,20.84,20.91,20.93,20.97,20.89,20.93,20.89,20.91,21.00,20.97,20.91,20.89,20.93,20.95,20.97,20.93,21.08,20.97,20.93,20.95,20.89,21.02,20.91,21.00,20.80,20.97,20.89,20.93,21.04,20.91,20.91,20.95,20.97,21.02,21.11,20.91,20.89,20.71,20.84,20.80,20.73,20.67,20.78,20.69,20.82,20.73,20.44,20.62,20.42,20.40,20.44,20.47,20.51,20.44,20.38,20.47,20.58,20.76,20.84,20.82,20.80,20.73,20.89,20.71,20.78,20.73,20.84,20.82,20.93,20.97,21.06,21.04,20.89,21.00,20.91,20.95,20.87,20.97,21.02,21.00,21.08,21.04,21.06,21.02,20.84,21.00,20.97,21.04,21.04,21.17,20.91,20.97,20.97,21.08,21.13,20.97,21.02,21.00,21.08,20.91,20.95,21.08
21.66,21.46,21.52,21.46,21.43,21.43,21.28,21.32,21.24,21.41,21.30,21.24,21.26,21.22,21.19,21.17,21.17,21.19,21.15,21.13,21.13,21.30,21.04,21.00,21.00,20.89,20.95,20.91,20.93,20.97,20.89,20.84,20.82,21.08,20.80,20.84,20.91,20.84,20.78,20.87,20.89,20.78,20.67,20.91,20.78,21.02,20.93,20.97,21.04,21.00,20.91,21.04,20.97,20.97,20.97,20.93,20.95,20.93,20.95,20.82,20.97,20.84,20.91,20.82,20.97,20.91,20.87,20.95,20.84,20.80,20.95,20.82,21.02,21.06,21.08,21.04,21.04,20.95,21.02,20.97,21.00,20.93,20.95,20.89,20.89,21.02,20.97,20.97,20.95,20.91,20.97,21.08,21.00,20.95,20.82,20.76,20.71,20.62,20.71,20.71,20.71,20.69,20.71,20.78,20.58,20.51,20.53,20.38,20.49,20.35,20.51,20.53,20.67,20.53,20.42,20.82,20.78,20.76,20.91,20.87,20.87,20.97,20.87,20.89,20.95,20.93,20.87,21.00,21.02,20.87,20.95,21.04,20.95,21.08,21.02,21.06,21.17,21.04,21.00,21.08,21.15,21.11,21.02,21.00,21.13,20.91,21.04,21.06,20.91,20.93,20.93,21.00,21.06,21.00,20.91,20.95,20.97,21.00,20.93,21.00
21.88,21.63,21.35,21.28,21.50,21.35,21.41,21.28,21.26,21.28,21.22,21.26,21.15,21.19,21.13,21.04,21.15,21.35,21.19,21.17,21.00,20.93,21.08,21.06,21.06,21.02,21.04,20.95,20.97,20.97,20.95,20.97,21.06,20.89,20.97,20.95,21.00,20.87,20.91,20.82,20.87,21.02,20.71,20.84,20.93,21.02,21.00,20.93,21.04,20.95,21.02,21.08,20.78,20.95,20.97,20.95,21.15,21.06,21.00,20.95,20.89,20.80,20.93,20.87,20.82,20.80,20.91,21.11,20.97,20.89,20.89,20.84,20.97,20.89,20.89,20.95,21.06,21.22,20.97,21.02,20.93,20.95,21.02,20.91,20.91,20.93,21.02,20.89,21.06,20.91,20.82,21.00,20.93,20.89,20.82,20.84,20.78,20.65,20.82,20.67,20.82,20.76,20.62,20.58,20.62,20.51,20.47,20.29,20.42,20.47,20.44,20.58,20.40,20.42,20.53,20.53,20.73,20.69,20.78,20.87,20.89,20.95,20.84,20.82,20.82,20.89,21.04,21.00,21.13,21.02,21.08,21.00,21.04,20.95,21.06,20.95,21.06,21.02,21.02,20.97,20.93,20.89,21.00,21.00,20.95,21.13,21.19,21.04,21.00,20.87,21.06,21.17,21.08,20.91,21.00,21.11,21.06,21.19,20.91,21.00
21.79,21.63,21.19,21.26,21.46,21.26,21.48,21.28,21.26,21.30,21.30,21.28,21.28,21.17,21.15,21.08,21.11,21.22,21.11,21.15,20.97,21.11,20.97,20.97,21.13,20.91,20.95,20.93,20.89,20.80,21.02,21.13,20.87,20.87,21.00,20.89,20.93,20.91,20.91,20.89,20.91,20.93,20.80,20.97,20.78,20.89,20.93,20.97,21.08,20.93,21.13,21.02,20.95,20.91,20.84,20.89,20.95,20.93,20.80,21.02,20.93,20.91,20.87,20.87,20.87,20.87,20.91,21.00,20.95,20.97,21.00,20.91,20.93,20.91,20.97,20.97,21.00,21.08,21.04,21.06,21.06,20.91,20.84,21.06,21.00,21.00,20.95,21.00,21.02,21.06,20.91,21.00,20.95,20.80,20.73,20.71,20.71,20.73,20.78,20.65,20.73,20.67,20.58,20.65,20.40,20.44,20.40,20.56,20.35,20.47,20.51,20.44,20.58,20.69,20.71,20.91,20.80,20.78,20.91,20.93,20.87,20.82,20.80,20.95,20.89,20.87,21.00,20.93,21.06,20.95,20.91,21.00,20.80,20.93,20.89,21.15,21.02,21.04,21.08,21.06,20.95,21.13,21.04,21.02,20.93,20.97,21.11,21.15,21.04,20.95,20.95,21.02,20.95,21.06,21.04,20.87,20.93,21.00,21.04,21.08
21.70,21.70,21.39,21.28,21.37,21.43,21.43,21.41,21.35,21.28,21.43,21.26,21.39,21.22,21.19,21.19,21.28,21.15,21.24,21.26,21.00,21.15,21.13,21.08,21.08,20.93,21.04,20.95,20.91,20.78,21.06,20.91,21.00,20.87,20.91,20.97,20.87,20.97,20.87,20.89,20.82,20.87,20.87,20.97,20.95,20.95,20.84,20.89,21.15,20.91,20.95,21.11,20.91,20.97,21.08,20.95,20.97,20.91,20.93,20.89,21.02,21.13,20.89,21.04,20.97,20.87,20.84,20.93,20.93,20.95,20.97,20.93,21.02,21.17,20.93,21.00,20.89,20.97,21.00,20.97,20.91,20.95,20.95,21.04,20.95,21.02,20.89,21.04,20.91,20.97,20.87,21.00,20.97,20.93,20.89,20.84,20.84,20.76,20.89,20.71,20.65,20.82,20.56,20.58,20.51,20.51,20.51,20.42,20.35,20.42,20.49,20.47,20.56,20.60,20.67,20.78,20.82,20.71,20.89,20.80,20.91,20.82,20.87,20.91,20.89,20.95,21.08,20.87,21.15,21.13,20.97,21.04,20.91,20.87,20.93,21.11,20.97,21.00,21.08,21.15,21.02,21.02,21.00,20.93,21.04,21.06,21.08,21.00,20.93,21.04,21.04,21.00,21.08,21.11,20.97,21.02,21.06,21.22,20.91,21.02
21.86,21.55,21.50,21.41,21.32,21.41,21.61,21.22,21.28,21.30,21.35,21.32,21.43,21.32,21.24,21.04,21.22,21.24,21.11,21.22,21.06,21.22,21.11,20.93,21.17,21.00,20.97,21.06,20.95,20.84,20.89,21.11,21.00,21.06,20.97,20.95,20.93,21.04,20.84,20.82,20.89,20.87,20.78,20.95,20.91,20.95,20.87,21.04,21.04,20.87,20.97,20.95,21.00,21.04,21.04,21.02,20.93,20.95,20.95,20.97,21.00,20.91,20.97,21.00,20.89,20.84,21.02,21.06,20.93,21.11,20.93,20.95,20.93,21.06,21.06,21.08,20.89,21.06,21.04,21.08,21.08,21.06,20.93,21.00,20.91,20.93,20.93,21.02,20.93,20.97,21.04,20.95,20.78,20.82,20.87,20.80,20.82,20.87,20.73,20.73,20.49,20.73,20.56,20.58,20.42,20.40,20.26,20.22,20.35,20.49,20.38,20.60,20.62,20.53,20.67,20.71,21.00,20.76,20.82,20.84,20.80,20.91,20.84,20.91,20.87,20.89,21.04,21.06,21.22,21.06,21.00,21.04,21.00,20.93,20.87,20.87,20.91,21.11,21.11,20.93,21.08,20.91,21.06,21.04,21.04,21.08,21.17,21.00,21.11,21.11,21.04,20.97,21.00,21.15,21.06,21.15,20.95,21.00,21.00,21.02
21.77,21.52,21.48,21.46,21.57,21.32,21.48,21.28,21.26,21.32,21.41,21.26,21.19,21.26,21.24,21.04,21.19,21.19,21.28,21.28,21.32,21.15,21.15,21.17,21.08,21.08,20.89,21.13,20.87,20.95,20.95,20.93,20.89,21.06,20.97,21.06,20.95,20.95,21.06,21.00,20.95,20.95,21.04,20.93,21.04,20.97,21.13,21.15,21.17,21.06,21.08,20.87,20.97,21.06,21.04,21.04,21.06,20.91,20.97,20.93,21.11,20.87,20.97,20.97,20.91,21.02,21.06,21.06,21.00,20.97,21.02,20.89,20.97,21.06,21.08,21.11,20.97,21.13,21.13,21.02,21.17,20.89,21.06,21.08,20.97,21.06,21.11,20.87,21.04,20.87,20.91,20.87,21.02,21.00,20.97,20.82,21.02,20.89,20.87,20.89,20.71,20.73,20.53,20.62,20.42,20.40,20.26,20.26,20.29,20.26,20.53,20.56,20.62,20.56,20.80,20.69,20.97,20.84,21.02,21.06,20.97,20.93,20.95,21.00,20.97,21.02,21.04,20.95,21.24,21.11,21.08,21.11,20.95,20.89,20.84,21.00,20.97,20.97,21.19,21.11,21.02,20.84,21.08,21.00,21.00,21.00,21.19,21.15,21.06,21.13,21.13,20.97,21.17,21.08,21.11,21.08,21.17,21.02,21.11,20.95
22.01,21.66,21.61,21.32,21.55,21.22,21.37,21.37,21.41,21.32,21.37,21.41,21.26,21.13,21.13,21.13,21.11,21.13,21.28,21.13,21.00,20.95,21.08,21.06,20.95,21.02,21.00,21.13,20.87,21.00,20.93,20.82,20.89,21.02,21.06,20.89,21.08,21.02,20.73,20.87,20.84,20.89,20.84,20.87,20.82,20.87,21.02,20.89,20.91,21.00,20.91,20.93,20.93,21.00,20.97,20.97,20.95,20.95,21.00,21.02,21.00,20.95,20.93,20.87,20.89,20.87,20.91,21.06,20.84,21.13,20.95,20.89,20.89,21.00,21.02,21.00,21.08,21.00,21.00,21.02,21.04,21.04,20.91,20.95,20.95,21.02,20.84,20.87,21.02,20.87,20.87,20.93,20.91,20.95,20.84,20.71,20.87,20.91,20.82,20.78,20.60,20.78,20.62,20.44,20.38,20.24,20.24,20.20,20.35,20.44,20.44,20.56,20.60,20.62,20.65,20.71,20.95,20.78,20.76,20.87,20.97,20.78,20.89,20.95,20.76,20.93,21.04,21.00,20.95,21.17,20.91,21.04,20.84,20.89,20.84,20.95,20.91,21.04,21.15,21.13,21.06,20.93,21.00,21.02,21.17,21.04,21.17,21.06,20.95,21.08,21.11,21.00,21.02,21.06,20.97,20.97,21.11,21.08,21.04,20.89
22.01,21.50,21.39,21.39,21.32,21.52,21.22,21.39,21.32,21.13,21.24,21.26,21.22,21.28,21.26,21.22,21.24,21.17,21.24,21.11,21.04,21.13,21.00,20.95,21.17,21.08,21.04,20.91,20.76,20.95,21.02,20.97,20.84,20.97,20.93,21.06,20.91,20.80,20.84,20.78,20.82,20.82,20.82,20.82,21.02,20.87,20.93,20.97,20.95,21.13,20.97,21.04,20.87,20.91,20.87,20.97,20.95,20.89,21.11,21.02,21.02,20.97,20.91,20.91,20.91,20.78,20.91,21.00,20.78,20.89,20.95,21.04,20.89,20.97,20.97,21.04,21.06,20.95,21.13,21.00,21.02,20.89,20.91,21.02,20.93,20.78,21.04,20.93,21.04,20.89,20.91,21.02,20.91,21.06,20.76,20.78,20.82,20.80,20.80,20.62,20.69,20.58,20.53,20.56,20.35,20.35,20.31,20.13,20.22,20.22,20.44,20.58,20.56,20.58,20.71,20.82,20.97,20.71,20.89,20.93,20.93,21.02,20.95,20.97,20.91,21.02,21.13,20.84,20.95,20.97,20.89,20.80,20.82,20.97,20.93,21.02,20.87,20.93,20.97,21.06,21.06,20.89,21.02,21.15,21.04,21.04,21.15,21.06,21.02,21.00,21.11,21.15,20.95,21.00,21.04,21.04,21.00,20.91,21.02,21.02
21.99,21.59,21.50,21.32,21.28,21.43,21.32,21.32,21.41,21.19,21.35,21.22,21.37,21.24,21.02,21.22,21.13,21.26,21.02,21.22,21.06,21.22,21.04,20.95,20.89,21.06,20.84,21.13,20.84,20.91,20.91,20.91,21.04,20.87,20.91,20.93,20.93,20.82,20.97,20.82,20.89,20.84,20.84,20.91,20.97,21.02,20.93,20.89,20.93,21.06,20.93,20.89,20.93,20.95,21.08,21.00,20.95,21.04,21.00,21.00,20.97,20.97,20.82,20.91,21.04,20.91,21.02,20.95,20.97,21.06,21.00,21.06,21.02,21.06,20.93,20.87,20.91,20.93,20.97,21.00,21.04,20.95,20.93,20.95,21.02,21.02,21.04,20.93,20.91,20.87,20.97,20.87,20.97,21.00,20.89,20.69,20.73,20.89,20.62,20.80,20.73,20.47,20.47,20.33,20.31,20.31,20.24,20.42,20.33,20.49,20.49,20.67,20.67,20.65,20.89,20.80,20.97,20.87,20.93,20.87,21.02,21.00,20.95,21.02,21.04,21.00,21.08,21.06,20.95,21.04,20.84,21.04,20.78,20.87,20.78,21.00,20.97,21.06,21.06,21.08,20.97,20.95,21.06,21.13,21.13,21.15,21.22,21.08,21.04,21.04,21.15,21.00,21.02,21.08,21.15,21.00,21.06,20.89,20.78,21.11
21.94,21.46,21.35,21.59,21.46,21.48,21.46,21.48,21.24,21.22,21.41,21.39,21.35,21.39,21.15,21.13,21.32,21.22,21.15,21.17,21.11,21.11,21.04,21.06,20.91,21.04,20.97,21.00,20.97,20.91,20.93,20.91,20.95,21.04,21.02,20.84,21.22,20.95,20.89,20.93,20.93,21.11,20.80,21.06,20.97,21.17,20.93,21.00,21.00,21.11,20.97,21.02,20.91,21.11,20.97,21.13,21.26,20.95,20.95,20.97,21.04,20.91,20.91,21.02,20.95,20.87,20.97,20.93,21.02,20.84,20.97,21.02,20.97,21.04,21.02,20.97,21.11,21.02,21.11,21.11,20.97,21.00,20.97,21.00,21.02,20.95,21.00,20.89,20.97,20.93,20.93,20.93,20.93,21.06,21.00,21.00,20.76,20.78,20.76,20.71,20.58,20.62,20.49,20.26,20.22,20.40,20.31,20.24,20.35,20.40,20.56,20.76,20.73,20.80,20.89,20.80,20.95,20.76,20.93,21.08,21.00,20.93,20.97,21.17,21.00,21.08,21.00,21.06,21.06,20.95,20.82,20.76,20.91,20.91,20.93,21.08,21.06,20.91,21.06,21.24,21.06,21.13,21.11,21.04,21.17,21.02,21.11,21.17,20.93,21.04,21.08,21.13,21.08,21.04,21.06,21.11,21.08,20.95,21.00,21.00
21.92,21.61,21.46,21.57,21.37,21.35,21.24,21.41,21.39,21.28,21.41,21.32,21.26,21.30,21.24,21.13,21.24,21.28,21.26,21.06,20.91,21.17,21.11,21.24,21.06,20.95,21.08,20.93,21.04,21.06,20.93,20.95,21.02,20.95,20.82,21.06,20.97,20.97,20.95,21.00,20.89,21.00,20.91,21.00,20.84,20.95,20.95,20.95,21.02,20.93,21.00,21.04,20.93,20.93,21.04,20.91,20.93,20.89,21.04,21.04,20.93,20.97,20.87,20.80,21.13,20.80,21.02,20.82,21.11,20.97,20.91,21.00,20.97,21.00,20.78,21.04,20.93,21.22,21.00,21.02,21.06,20.93,21.00,20.89,20.84,20.93,21.00,20.82,21.00,20.97,20.84,20.84,20.91,20.97,20.91,20.82,20.84,20.78,20.91,20.80,20.71,20.49,20.40,20.31,20.35,20.20,20.29,20.06,20.38,20.38,20.58,20.62,20.73,20.87,20.93,20.82,20.84,21.02,20.91,20.91,20.97,21.06,21.04,21.06,20.93,21.00,21.00,20.95,21.15,20.97,20.95,20.80,20.91,21.02,20.89,21.13,20.93,21.04,20.93,21.04,21.19,21.04,21.08,20.95,21.02,21.11,21.08,21.08,21.22,21.08,21.08,21.11,21.28,21.26,21.02,21.11,20.97,21.02,21.04,21.00
21.88,21.35,21.43,21.43,21.50,21.30,21.43,21.39,21.32,21.28,21.37,21.48,21.32,21.28,21.22,21.11,21.28,21.24,21.19,21.04,21.11,20.95,21.06,20.93,20.95,21.06,20.97,20.97,20.93,20.91,21.02,20.89,20.87,20.95,20.93,20.95,21.04,20.91,20.87,20.91,20.82,20.89,20.89,20.95,20.97,21.02,20.95,20.82,21.15,20.87,20.91,20.93,20.89,20.91,20.95,21.08,21.08,20.91,20.95,21.02,21.00,20.95,20.80,20.84,20.97,20.97,20.91,20.95,20.97,20.91,20.95,20.97,21.08,20.97,21.06,20.91,21.02,21.02,21.08,21.06,21.06,20.97,20.87,21.06,20.93,20.89,21.00,20.95,20.95,20.91,20.73,20.91,20.91,21.02,20.84,20.69,20.78,20.67,20.69,20.65,20.60,20.44,20.26,20.31,20.17,20.11,20.13,20.35,20.33,20.49,20.69,20.80,20.71,20.67,20.95,21.00,20.97,20.95,21.00,20.84,20.91,21.04,21.11,21.04,21.04,20.91,21.11,20.91,21.04,20.80,20.89,20.89,20.84,20.89,20.91,21.11,21.11,21.02,21.15,21.13,20.93,21.06,21.06,21.22,21.13,21.15,20.97,21.08,21.28,21.13,21.11,21.22,21.24,21.13,21.19,21.15,21.15,21.04,21.17,21.06
21.92,21.57,21.57,21.26,21.41,21.32,21.24,21.15,21.28,21.15,21.39,21.17,21.39,21.28,21.24,21.24,21.24,21.17,21.15,21.02,21.00,21.08,20.91,21.06,20.95,20.84,20.91,20.84,20.87,20.95,21.08,20.89,20.89,20.91,20.93,20.91,20.84,20.76,20.82,20.84,20.80,20.78,20.82,20.97,20.84,21.08,20.80,21.11,20.97,21.00,20.84,20.97,21.06,20.95,20.97,20.89,20.95,20.95,21.02,20.95,20.95,20.95,20.91,20.84,20.87,20.91,21.13,21.08,21.08,21.00,21.02,20.95,20.89,20.82,20.97,20.91,20.91,20.93,21.00,21.11,21.08,21.04,20.82,20.93,20.84,20.89,20.95,20.87,20.91,20.89,20.91,20.89,20.84,20.76,20.93,20.73,20.76,20.53,20.62,20.65,20.58,20.29,20.38,20.22,20.11,20.15,20.17,20.20,20.29,20.60,20.53,20.62,20.82,20.80,20.80,20.91,20.91,20.89,21.02,20.87,20.91,21.02,21.11,20.89,21.02,21.06,21.11,20.97,21.00,21.00,20.89,20.89,20.91,20.93,21.00,21.06,21.06,20.93,21.06,21.13,21.15,21.06,21.13,21.02,21.15,21.08,21.11,21.00,21.02,21.15,21.04,21.24,21.26,21.19,21.24,21.30,21.11,21.06,21.02,21.06
21.88,21.55,21.30,21.32,21.30,21.43,21.39,21.43,21.35,21.30,21.30,21.28,21.30,21.48,21.30,21.15,21.08,21.13,21.13,21.11,21.02,21.11,21.22,20.93,21.08,20.91,20.76,20.97,20.84,21.15,20.97,20.95,20.93,21.08,20.87,21.00,20.82,20.87,20.97,20.95,20.80,20.82,20.89,20.78,20.89,21.00,21.02,20.82,21.06,20.95,20.95,20.91,21.11,20.91,20.93,20.91,21.02,20.89,20.95,20.93,20.91,20.91,20.91,20.87,20.89,20.95,20.93,21.17,21.11,21.02,20.89,20.95,20.97,20.95,20.89,20.97,21.02,21.19,21.08,21.02,20.93,20.93,20.82,20.78,20.93,20.93,21.04,21.00,21.00,20.95,20.97,20.87,20.87,20.82,20.95,20.84,20.71,20.69,20.62,20.62,20.49,20.35,20.20,20.15,20.08,20.11,20.15,20.40,20.47,20.58,20.60,20.76,20.78,20.89,20.93,20.78,20.97,20.82,20.91,20.95,21.11,20.95,21.04,20.95,20.97,20.97,20.89,21.11,21.06,21.00,20.82,20.95,20.97,20.97,20.95,21.04,20.95,21.00,21.00,21.22,21.08,21.08,21.08,21.00,21.06,21.06,21.08,21.19,21.17,21.04,21.17,21.11,21.08,20.95,21.11,21.08,21.11,21.02,21.19,21.15
21.75,21.32,21.43,21.61,21.52,21.37,21.35,21.35,21.59,21.28,21.32,21.22,21.30,21.30,21.26,21.15,21.15,21.26,21.02,21.08,20.97,21.15,21.15,21.15,21.04,20.87,21.00,21.06,20.87,21.02,20.97,20.95,21.11,20.89,21.02,20.84,20.89,20.93,20.95,20.93,20.89,21.02,20.95,20.82,20.95,21.08,20.95,21.04,20.93,20.97,21.13,20.97,20.93,21.06,20.89,20.80,20.91,20.87,21.08,20.84,21.06,21.00,21.00,20.93,21.06,20.95,21.06,20.87,21.06,21.02,20.91,20.89,20.80,20.95,21.02,20.95,20.84,21.06,20.93,21.04,21.02,20.97,20.84,20.80,20.95,20.91,20.87,20.93,21.11,20.91,20.91,20.95,20.91,20.95,20.78,20.76,20.84,20.71,20.82,20.47,20.49,20.20,20.04,20.17,20.15,20.24,20.31,20.38,20.56,20.65,20.73,20.78,20.89,20.95,21.08,20.95,21.06,20.84,21.02,21.00,20.80,20.97,21.00,21.17,21.11,21.04,21.04,21.04,21.08,21.02,20.91,20.95,21.00,21.15,21.11,21.13,21.19,21.19,21.08,21.13,21.06,21.11,21.04,21.15,21.22,21.08,21.24,21.26,21.08,21.08,21.04,21.06,21.15,21.19,21.02,21.04,21.08,21.15,21.22,21.06
21.77,21.43,21.32,21.39,21.50,21.37,21.32,21.43,21.24,21.55,21.48,21.30,21.32,21.08,21.32,21.19,21.26,21.11,21.11,21.11,21.06,21.24,21.15,20.93,21.02,21.00,21.02,20.93,21.02,21.11,21.02,20.95,21.08,21.00,21.00,20.82,21.15,20.84,20.80,20.95,21.04,20.89,21.08,20.87,20.97,20.89,20.91,20.84,21.11,21.06,21.06,21.08,20.97,20.93,20.91,21.00,21.08,20.91,20.95,21.11,20.89,20.84,20.91,20.80,21.04,20.95,20.93,20.93,21.00,20.95,20.97,21.04,21.00,20.93,20.97,20.93,20.95,20.91,20.97,21.08,20.95,20.95,20.84,20.82,20.82,20.91,20.95,21.00,20.93,21.02,20.93,20.89,20.95,20.82,20.91,20.78,20.91,20.78,20.69,20.53,20.26,20.08,20.08,19.97,20.02,20.15,20.26,20.29,20.62,20.62,20.87,20.76,20.82,21.00,21.04,21.02,21.08,21.00,21.02,21.04,21.00,21.08,21.04,21.11,20.97,21.00,21.02,20.89,20.95,20.91,20.80,21.04,21.04,21.08,21.00,21.11,21.28,21.04,20.95,21.15,21.00,20.97,21.22,21.15,20.93,21.04,21.11,21.19,20.97,21.13,21.19,21.06,21.06,21.24,21.13,21.13,21.19,21.15,21.17,21.06
21.90,21.39,21.57,21.50,21.50,21.46,21.41,21.39,21.24,21.39,21.39,21.43,21.30,21.22,21.22,21.15,21.32,21.24,21.19,21.06,21.24,21.08,21.11,20.91,21.11,21.00,20.80,21.04,21.04,21.08,20.95,21.08,21.06,21.08,20.93,21.04,21.02,20.89,20.93,20.87,20.95,20.89,20.97,20.87,20.82,20.87,21.02,20.87,21.06,21.00,21.04,20.97,21.06,21.04,20.95,21.04,21.08,21.04,21.02,21.19,21.02,21.04,20.80,20.93,21.00,20.91,20.87,20.89,20.95,20.93,20.97,20.97,20.97,20.84,21.00,20.87,21.04,21.15,21.04,21.04,21.06,21.06,20.82,20.97,20.95,20.91,20.91,21.02,21.06,21.02,21.02,20.82,20.95,20.97,20.76,20.87,20.89,20.65,20.71,20.40,20.26,20.26,20.02,20.13,19.93,20.26,20.42,20.51,20.56,20.69,20.78,20.82,21.11,20.95,21.15,21.04,21.11,20.87,21.06,21.00,21.08,21.17,21.08,21.28,21.06,20.93,21.13,21.00,21.06,20.87,20.89,21.11,21.15,21.17,20.97,21.26,21.11,21.19,21.30,21.19,21.08,20.97,20.95,21.04,21.06,21.02,21.13,21.02,21.15,21.15,21.08,21.15,21.17,21.13,21.02,21.19,21.15,20.97,21.06,21.06
21.99,21.63,21.41,21.37,21.35,21.35,21.39,21.41,21.24,21.41,21.46,21.39,21.37,21.30,21.08,21.26,21.32,21.08,21.15,21.06,20.95,21.15,21.00,21.00,20.91,20.89,20.95,20.91,20.95,20.93,20.97,21.04,21.00,20.89,20.93,20.97,21.13,20.82,20.93,21.08,20.97,20.78,20.95,20.84,20.78,20.84,21.02,21.04,21.04,20.89,20.89,20.97,20.87,21.04,21.08,21.00,20.91,20.93,20.91,21.06,20.93,20.80,20.95,20.87,21.02,20.84,20.97,21.06,21.06,21.00,20.95,20.95,20.91,20.93,20.95,20.73,20.73,21.00,20.89,21.02,20.95,20.78,20.84,20.95,20.93,21.13,20.80,20.84,20.87,20.91,20.89,20.95,20.89,20.93,20.80,21.02,20.67,20.56,20.56,20.38,20.13,20.11,19.97,20.04,20.02,20.13,20.42,20.40,20.62,20.73,20.78,20.84,20.84,21.06,21.00,20.80,20.97,20.89,20.97,21.04,20.89,21.00,21.06,21.11,21.04,21.06,21.04,21.11,20.84,20.97,20.82,20.93,21.28,21.17,20.93,21.06,21.13,21.08,21.17,21.00,21.15,21.02,21.19,21.06,21.00,21.15,21.11,20.95,20.93,21.02,20.93,21.13,21.04,21.24,21.11,21.00,21.04,21.06,21.04,21.13
21.99,21.77,21.55,21.48,21.50,21.32,21.41,21.46,21.41,21.30,21.30,21.37,21.41,21.37,21.19,21.32,21.15,21.17,21.02,21.08,21.06,21.19,20.95,21.13,21.02,21.11,20.89,20.93,20.93,21.00,20.87,21.08,20.91,21.04,20.91,20.84,21.08,20.78,20.91,20.95,20.84,20.97,20.78,20.89,20.95,20.89,20.91,20.97,20.89,20.91,20.87,20.93,20.91,20.95,21.02,20.89,20.87,21.04,20.95,20.95,20.95,20.95,21.00,20.93,20.91,20.73,20.93,20.97,20.95,20.87,20.95,21.02,21.00,20.93,20.87,20.89,20.91,21.02,20.87,21.00,20.91,20.80,20.84,20.87,20.97,20.93,20.80,20.87,20.89,20.91,20.95,20.89,20.65,20.80,20.95,20.80,20.71,20.51,20.38,20.49,20.08,20.20,19.88,20.04,20.15,20.13,20.40,20.60,20.76,20.82,20.82,20.91,20.82,21.06,21.04,20.97,20.84,20.84,21.06,21.06,21.11,21.02,21.00,21.11,21.02,21.11,21.06,20.93,21.17,20.97,20.82,21.13,21.28,21.19,20.95,21.13,21.13,21.08,21.24,21.08,21.19,21.15,21.04,20.91,21.06,21.06,21.08,21.02,21.11,21.13,20.93,21.06,20.97,20.97,21.08,21.04,21.06,21.02,21.13,20.97
